 N,T,W,RMAX
       691, 0.5000E-06, 0.6006E+00, 0.1000E-01,
 it,x0( 1),z0(  1),rr(  1),x0(100),z0(100),rr(100)     ,x0(200),z0(200),rr(200),x0(300),z0(300),rr(300)                  ,x0(400),z0(400),rr(400),x0(500),z0(500),rr(500)                  ,x0(600),z0(600),rr(600),x0(  n),z0(  n),rr(  n)
     10000, 0.1001E-01, 0.9887E-02, 0.5000E-02, 0.1501E+00, 0.8997E-01, 0.1000E-01, 0.5105E+00, 0.1700E+00, 0.5000E-02, 0.1401E+00, 0.2701E+00, 0.5000E-02, 0.2202E+00, 0.3502E+00, 0.1000E-01, 0.3604E+00, 0.4303E+00, 0.1000E-01, 0.5205E+00, 0.5104E+00, 0.5000E-02, 0.5806E+00, 0.5905E+00, 0.1000E-01
     20000, 0.1001E-01, 0.9520E-02, 0.5000E-02, 0.1501E+00, 0.8960E-01, 0.1000E-01, 0.5105E+00, 0.1697E+00, 0.5000E-02, 0.1401E+00, 0.2698E+00, 0.5000E-02, 0.2202E+00, 0.3499E+00, 0.1000E-01, 0.3604E+00, 0.4299E+00, 0.1000E-01, 0.5205E+00, 0.5100E+00, 0.5000E-02, 0.5806E+00, 0.5901E+00, 0.1000E-01
     30000, 0.1001E-01, 0.8907E-02, 0.5000E-02, 0.1501E+00, 0.8899E-01, 0.1000E-01, 0.5105E+00, 0.1691E+00, 0.5000E-02, 0.1401E+00, 0.2692E+00, 0.5000E-02, 0.2202E+00, 0.3492E+00, 0.1000E-01, 0.3604E+00, 0.4293E+00, 0.1000E-01, 0.5205E+00, 0.5094E+00, 0.5000E-02, 0.5806E+00, 0.5895E+00, 0.1000E-01
     40000, 0.1001E-01, 0.8049E-02, 0.5000E-02, 0.1501E+00, 0.8813E-01, 0.1000E-01, 0.5105E+00, 0.1682E+00, 0.5000E-02, 0.1401E+00, 0.2683E+00, 0.5000E-02, 0.2202E+00, 0.3484E+00, 0.1000E-01, 0.3604E+00, 0.4285E+00, 0.1000E-01, 0.5205E+00, 0.5085E+00, 0.5000E-02, 0.5806E+00, 0.5886E+00, 0.1000E-01
     50000, 0.1001E-01, 0.6945E-02, 0.5000E-02, 0.1501E+00, 0.8703E-01, 0.1000E-01, 0.5105E+00, 0.1671E+00, 0.5000E-02, 0.1401E+00, 0.2672E+00, 0.5000E-02, 0.2202E+00, 0.3473E+00, 0.1000E-01, 0.3604E+00, 0.4274E+00, 0.1000E-01, 0.5205E+00, 0.5074E+00, 0.5000E-02, 0.5806E+00, 0.5875E+00, 0.1000E-01
     60000, 0.1001E-01, 0.5597E-02, 0.5000E-02, 0.1501E+00, 0.8568E-01, 0.1000E-01, 0.5105E+00, 0.1658E+00, 0.5000E-02, 0.1401E+00, 0.2659E+00, 0.5000E-02, 0.2202E+00, 0.3459E+00, 0.1000E-01, 0.3604E+00, 0.4260E+00, 0.1000E-01, 0.5205E+00, 0.5061E+00, 0.5000E-02, 0.5806E+00, 0.5862E+00, 0.1000E-01
     70000, 0.1001E-01, 0.4972E-02, 0.5000E-02, 0.1501E+00, 0.8408E-01, 0.1000E-01, 0.5105E+00, 0.1642E+00, 0.5000E-02, 0.1401E+00, 0.2643E+00, 0.5000E-02, 0.2202E+00, 0.3443E+00, 0.1000E-01, 0.3604E+00, 0.4244E+00, 0.1000E-01, 0.5205E+00, 0.5045E+00, 0.5000E-02, 0.5806E+00, 0.5846E+00, 0.1000E-01
     80000, 0.1001E-01, 0.4974E-02, 0.5000E-02, 0.1501E+00, 0.8224E-01, 0.1000E-01, 0.5105E+00, 0.1623E+00, 0.5000E-02, 0.1401E+00, 0.2624E+00, 0.5000E-02, 0.2202E+00, 0.3425E+00, 0.1000E-01, 0.3604E+00, 0.4226E+00, 0.1000E-01, 0.5205E+00, 0.5027E+00, 0.5000E-02, 0.5806E+00, 0.5827E+00, 0.1000E-01
     90000, 0.1001E-01, 0.4975E-02, 0.5000E-02, 0.1501E+00, 0.8016E-01, 0.1000E-01, 0.5105E+00, 0.1602E+00, 0.5000E-02, 0.1401E+00, 0.2603E+00, 0.5000E-02, 0.2202E+00, 0.3404E+00, 0.1000E-01, 0.3604E+00, 0.4205E+00, 0.1000E-01, 0.5205E+00, 0.5006E+00, 0.5000E-02, 0.5806E+00, 0.5807E+00, 0.1000E-01
    100000, 0.1001E-01, 0.4976E-02, 0.5000E-02, 0.1501E+00, 0.7783E-01, 0.1000E-01, 0.5105E+00, 0.1579E+00, 0.5000E-02, 0.1401E+00, 0.2580E+00, 0.5000E-02, 0.2202E+00, 0.3381E+00, 0.1000E-01, 0.3604E+00, 0.4182E+00, 0.1000E-01, 0.5205E+00, 0.4983E+00, 0.5000E-02, 0.5806E+00, 0.5783E+00, 0.1000E-01
    110000, 0.1001E-01, 0.4976E-02, 0.5000E-02, 0.1501E+00, 0.7526E-01, 0.1000E-01, 0.5105E+00, 0.1553E+00, 0.5000E-02, 0.1401E+00, 0.2554E+00, 0.5000E-02, 0.2202E+00, 0.3355E+00, 0.1000E-01, 0.3604E+00, 0.4156E+00, 0.1000E-01, 0.5205E+00, 0.4957E+00, 0.5000E-02, 0.5806E+00, 0.5758E+00, 0.1000E-01
    120000, 0.1001E-01, 0.4977E-02, 0.5000E-02, 0.1501E+00, 0.7244E-01, 0.1000E-01, 0.5105E+00, 0.1525E+00, 0.5000E-02, 0.1401E+00, 0.2526E+00, 0.5000E-02, 0.2202E+00, 0.3327E+00, 0.1000E-01, 0.3604E+00, 0.4128E+00, 0.1000E-01, 0.5205E+00, 0.4929E+00, 0.5000E-02, 0.5806E+00, 0.5729E+00, 0.1000E-01
    130000, 0.1001E-01, 0.4977E-02, 0.5000E-02, 0.1501E+00, 0.6937E-01, 0.1000E-01, 0.5105E+00, 0.1495E+00, 0.5000E-02, 0.1401E+00, 0.2496E+00, 0.5000E-02, 0.2202E+00, 0.3296E+00, 0.1000E-01, 0.3604E+00, 0.4097E+00, 0.1000E-01, 0.5205E+00, 0.4898E+00, 0.5000E-02, 0.5806E+00, 0.5699E+00, 0.1000E-01
    140000, 0.1001E-01, 0.4977E-02, 0.5000E-02, 0.1501E+00, 0.6606E-01, 0.1000E-01, 0.5105E+00, 0.1461E+00, 0.5000E-02, 0.1401E+00, 0.2462E+00, 0.5000E-02, 0.2202E+00, 0.3263E+00, 0.1000E-01, 0.3604E+00, 0.4064E+00, 0.1000E-01, 0.5205E+00, 0.4865E+00, 0.5000E-02, 0.5806E+00, 0.5666E+00, 0.1000E-01
    150000, 0.9740E-02, 0.4977E-02, 0.5000E-02, 0.1501E+00, 0.6251E-01, 0.1000E-01, 0.5105E+00, 0.1426E+00, 0.5000E-02, 0.1401E+00, 0.2427E+00, 0.5000E-02, 0.2202E+00, 0.3228E+00, 0.1000E-01, 0.3604E+00, 0.4028E+00, 0.1000E-01, 0.5205E+00, 0.4829E+00, 0.5000E-02, 0.5806E+00, 0.5630E+00, 0.1000E-01
    160000, 0.9573E-02, 0.4788E-02, 0.5000E-02, 0.1501E+00, 0.5871E-01, 0.1000E-01, 0.5105E+00, 0.1388E+00, 0.5000E-02, 0.1401E+00, 0.2389E+00, 0.5000E-02, 0.2202E+00, 0.3190E+00, 0.1000E-01, 0.3604E+00, 0.3990E+00, 0.1000E-01, 0.5205E+00, 0.4791E+00, 0.5000E-02, 0.5806E+00, 0.5592E+00, 0.1000E-01
    170000, 0.9466E-02, 0.4901E-02, 0.5000E-02, 0.1500E+00, 0.5466E-01, 0.1000E-01, 0.5105E+00, 0.1347E+00, 0.5000E-02, 0.1401E+00, 0.2348E+00, 0.5000E-02, 0.2202E+00, 0.3149E+00, 0.1000E-01, 0.3604E+00, 0.3950E+00, 0.1000E-01, 0.5205E+00, 0.4751E+00, 0.5000E-02, 0.5806E+00, 0.5552E+00, 0.1000E-01
    180000, 0.9349E-02, 0.4911E-02, 0.5000E-02, 0.1496E+00, 0.5037E-01, 0.1000E-01, 0.5105E+00, 0.1305E+00, 0.5000E-02, 0.1401E+00, 0.2306E+00, 0.5000E-02, 0.2202E+00, 0.3106E+00, 0.1000E-01, 0.3604E+00, 0.3907E+00, 0.1000E-01, 0.5205E+00, 0.4708E+00, 0.5000E-02, 0.5806E+00, 0.5509E+00, 0.1000E-01
    190000, 0.9113E-02, 0.4929E-02, 0.5000E-02, 0.1494E+00, 0.4583E-01, 0.1000E-01, 0.5105E+00, 0.1259E+00, 0.5000E-02, 0.1401E+00, 0.2260E+00, 0.5000E-02, 0.2202E+00, 0.3061E+00, 0.1000E-01, 0.3604E+00, 0.3862E+00, 0.1000E-01, 0.5205E+00, 0.4663E+00, 0.5000E-02, 0.5806E+00, 0.5463E+00, 0.1000E-01
    200000, 0.8197E-02, 0.4936E-02, 0.5000E-02, 0.1493E+00, 0.4104E-01, 0.1000E-01, 0.5105E+00, 0.1211E+00, 0.5000E-02, 0.1401E+00, 0.2212E+00, 0.5000E-02, 0.2202E+00, 0.3013E+00, 0.1000E-01, 0.3604E+00, 0.3814E+00, 0.1000E-01, 0.5205E+00, 0.4615E+00, 0.5000E-02, 0.5806E+00, 0.5416E+00, 0.1000E-01
    210000, 0.7325E-02, 0.4943E-02, 0.5000E-02, 0.1493E+00, 0.3615E-01, 0.1000E-01, 0.5105E+00, 0.1161E+00, 0.5000E-02, 0.1401E+00, 0.2162E+00, 0.5000E-02, 0.2202E+00, 0.2963E+00, 0.1000E-01, 0.3604E+00, 0.3764E+00, 0.1000E-01, 0.5205E+00, 0.4565E+00, 0.5000E-02, 0.5806E+00, 0.5365E+00, 0.1000E-01
    220000, 0.6712E-02, 0.4907E-02, 0.5000E-02, 0.1494E+00, 0.3323E-01, 0.1000E-01, 0.5105E+00, 0.1108E+00, 0.5000E-02, 0.1401E+00, 0.2109E+00, 0.5000E-02, 0.2202E+00, 0.2910E+00, 0.1000E-01, 0.3604E+00, 0.3711E+00, 0.1000E-01, 0.5205E+00, 0.4512E+00, 0.5000E-02, 0.5806E+00, 0.5313E+00, 0.1000E-01
    230000, 0.6305E-02, 0.4936E-02, 0.5000E-02, 0.1495E+00, 0.3179E-01, 0.1000E-01, 0.5105E+00, 0.1053E+00, 0.5000E-02, 0.1401E+00, 0.2054E+00, 0.5000E-02, 0.2202E+00, 0.2855E+00, 0.1000E-01, 0.3604E+00, 0.3656E+00, 0.1000E-01, 0.5205E+00, 0.4457E+00, 0.5000E-02, 0.5806E+00, 0.5257E+00, 0.1000E-01
    240000, 0.5995E-02, 0.4965E-02, 0.5000E-02, 0.1493E+00, 0.3079E-01, 0.1000E-01, 0.5105E+00, 0.9956E-01, 0.5000E-02, 0.1401E+00, 0.1997E+00, 0.5000E-02, 0.2202E+00, 0.2797E+00, 0.1000E-01, 0.3604E+00, 0.3598E+00, 0.1000E-01, 0.5205E+00, 0.4399E+00, 0.5000E-02, 0.5806E+00, 0.5200E+00, 0.1000E-01
    250000, 0.5883E-02, 0.4987E-02, 0.5000E-02, 0.1493E+00, 0.3023E-01, 0.1000E-01, 0.5105E+00, 0.9355E-01, 0.5000E-02, 0.1401E+00, 0.1937E+00, 0.5000E-02, 0.2202E+00, 0.2737E+00, 0.1000E-01, 0.3604E+00, 0.3538E+00, 0.1000E-01, 0.5205E+00, 0.4339E+00, 0.5000E-02, 0.5806E+00, 0.5140E+00, 0.1000E-01
    260000, 0.4925E-02, 0.4804E-02, 0.5000E-02, 0.1496E+00, 0.3020E-01, 0.1000E-01, 0.5105E+00, 0.8730E-01, 0.5000E-02, 0.1401E+00, 0.1874E+00, 0.5000E-02, 0.2202E+00, 0.2675E+00, 0.1000E-01, 0.3604E+00, 0.3476E+00, 0.1000E-01, 0.5205E+00, 0.4276E+00, 0.5000E-02, 0.5806E+00, 0.5077E+00, 0.1000E-01
    270000, 0.4872E-02, 0.4866E-02, 0.5000E-02, 0.1493E+00, 0.2961E-01, 0.1000E-01, 0.5098E+00, 0.8570E-01, 0.5000E-02, 0.1401E+00, 0.1809E+00, 0.5000E-02, 0.2202E+00, 0.2610E+00, 0.1000E-01, 0.3604E+00, 0.3411E+00, 0.1000E-01, 0.5205E+00, 0.4211E+00, 0.5000E-02, 0.5806E+00, 0.5012E+00, 0.1000E-01
    280000, 0.4888E-02, 0.4868E-02, 0.5000E-02, 0.1494E+00, 0.2958E-01, 0.1000E-01, 0.5086E+00, 0.8609E-01, 0.5000E-02, 0.1401E+00, 0.1742E+00, 0.5000E-02, 0.2202E+00, 0.2542E+00, 0.1000E-01, 0.3604E+00, 0.3343E+00, 0.1000E-01, 0.5205E+00, 0.4144E+00, 0.5000E-02, 0.5806E+00, 0.4945E+00, 0.1000E-01
    290000, 0.4918E-02, 0.4896E-02, 0.5000E-02, 0.1498E+00, 0.3015E-01, 0.1000E-01, 0.5083E+00, 0.8625E-01, 0.5000E-02, 0.1401E+00, 0.1672E+00, 0.5000E-02, 0.2202E+00, 0.2473E+00, 0.1000E-01, 0.3604E+00, 0.3273E+00, 0.1000E-01, 0.5205E+00, 0.4074E+00, 0.5000E-02, 0.5806E+00, 0.4875E+00, 0.1000E-01
    300000, 0.4788E-02, 0.4651E-02, 0.5000E-02, 0.1497E+00, 0.3046E-01, 0.1000E-01, 0.5098E+00, 0.8668E-01, 0.5000E-02, 0.1401E+00, 0.1599E+00, 0.5000E-02, 0.2202E+00, 0.2400E+00, 0.1000E-01, 0.3604E+00, 0.3201E+00, 0.1000E-01, 0.5205E+00, 0.4002E+00, 0.5000E-02, 0.5806E+00, 0.4803E+00, 0.1000E-01
    310000, 0.4886E-02, 0.4893E-02, 0.5000E-02, 0.1490E+00, 0.3036E-01, 0.1000E-01, 0.5095E+00, 0.8606E-01, 0.5000E-02, 0.1401E+00, 0.1525E+00, 0.5000E-02, 0.2202E+00, 0.2325E+00, 0.1000E-01, 0.3604E+00, 0.3126E+00, 0.1000E-01, 0.5205E+00, 0.3927E+00, 0.5000E-02, 0.5806E+00, 0.4728E+00, 0.1000E-01
    320000, 0.4904E-02, 0.4858E-02, 0.5000E-02, 0.1484E+00, 0.2943E-01, 0.1000E-01, 0.5096E+00, 0.8548E-01, 0.5000E-02, 0.1401E+00, 0.1447E+00, 0.5000E-02, 0.2202E+00, 0.2248E+00, 0.1000E-01, 0.3604E+00, 0.3049E+00, 0.1000E-01, 0.5205E+00, 0.3850E+00, 0.5000E-02, 0.5806E+00, 0.4651E+00, 0.1000E-01
    330000, 0.4859E-02, 0.4828E-02, 0.5000E-02, 0.1482E+00, 0.2889E-01, 0.1000E-01, 0.5107E+00, 0.8513E-01, 0.5000E-02, 0.1401E+00, 0.1368E+00, 0.5000E-02, 0.2202E+00, 0.2169E+00, 0.1000E-01, 0.3604E+00, 0.2969E+00, 0.1000E-01, 0.5205E+00, 0.3770E+00, 0.5000E-02, 0.5806E+00, 0.4571E+00, 0.1000E-01
    340000, 0.4868E-02, 0.4815E-02, 0.5000E-02, 0.1483E+00, 0.2884E-01, 0.1000E-01, 0.5115E+00, 0.8519E-01, 0.5000E-02, 0.1398E+00, 0.1299E+00, 0.5000E-02, 0.2202E+00, 0.2086E+00, 0.1000E-01, 0.3604E+00, 0.2887E+00, 0.1000E-01, 0.5205E+00, 0.3688E+00, 0.5000E-02, 0.5806E+00, 0.4489E+00, 0.1000E-01
    350000, 0.4869E-02, 0.4741E-02, 0.5000E-02, 0.1485E+00, 0.2904E-01, 0.1000E-01, 0.5120E+00, 0.8508E-01, 0.5000E-02, 0.1377E+00, 0.1302E+00, 0.5000E-02, 0.2202E+00, 0.2002E+00, 0.1000E-01, 0.3604E+00, 0.2803E+00, 0.1000E-01, 0.5205E+00, 0.3603E+00, 0.5000E-02, 0.5806E+00, 0.4404E+00, 0.1000E-01
    360000, 0.4895E-02, 0.4786E-02, 0.5000E-02, 0.1484E+00, 0.2906E-01, 0.1000E-01, 0.5127E+00, 0.8510E-01, 0.5000E-02, 0.1349E+00, 0.1293E+00, 0.5000E-02, 0.2202E+00, 0.1915E+00, 0.1000E-01, 0.3604E+00, 0.2716E+00, 0.1000E-01, 0.5205E+00, 0.3516E+00, 0.5000E-02, 0.5806E+00, 0.4317E+00, 0.1000E-01
    370000, 0.4886E-02, 0.4848E-02, 0.5000E-02, 0.1484E+00, 0.2909E-01, 0.1000E-01, 0.5130E+00, 0.8537E-01, 0.5000E-02, 0.1323E+00, 0.1289E+00, 0.5000E-02, 0.2202E+00, 0.1825E+00, 0.1000E-01, 0.3604E+00, 0.2626E+00, 0.1000E-01, 0.5205E+00, 0.3427E+00, 0.5000E-02, 0.5806E+00, 0.4228E+00, 0.1000E-01
    380000, 0.4914E-02, 0.4925E-02, 0.5000E-02, 0.1483E+00, 0.2926E-01, 0.1000E-01, 0.5122E+00, 0.8540E-01, 0.5000E-02, 0.1300E+00, 0.1276E+00, 0.5000E-02, 0.2202E+00, 0.1733E+00, 0.1000E-01, 0.3604E+00, 0.2534E+00, 0.1000E-01, 0.5205E+00, 0.3335E+00, 0.5000E-02, 0.5806E+00, 0.4136E+00, 0.1000E-01
    390000, 0.4900E-02, 0.4853E-02, 0.5000E-02, 0.1482E+00, 0.2932E-01, 0.1000E-01, 0.5113E+00, 0.8495E-01, 0.5000E-02, 0.1290E+00, 0.1255E+00, 0.5000E-02, 0.2209E+00, 0.1663E+00, 0.1000E-01, 0.3604E+00, 0.2440E+00, 0.1000E-01, 0.5205E+00, 0.3241E+00, 0.5000E-02, 0.5806E+00, 0.4041E+00, 0.1000E-01
    400000, 0.4864E-02, 0.4644E-02, 0.5000E-02, 0.1482E+00, 0.2929E-01, 0.1000E-01, 0.5107E+00, 0.8484E-01, 0.5000E-02, 0.1276E+00, 0.1235E+00, 0.5000E-02, 0.2232E+00, 0.1644E+00, 0.1000E-01, 0.3604E+00, 0.2343E+00, 0.1000E-01, 0.5205E+00, 0.3144E+00, 0.5000E-02, 0.5806E+00, 0.3945E+00, 0.1000E-01
    410000, 0.4878E-02, 0.4678E-02, 0.5000E-02, 0.1482E+00, 0.2937E-01, 0.1000E-01, 0.5098E+00, 0.8418E-01, 0.5000E-02, 0.1273E+00, 0.1229E+00, 0.5000E-02, 0.2251E+00, 0.1629E+00, 0.1000E-01, 0.3604E+00, 0.2244E+00, 0.1000E-01, 0.5205E+00, 0.3044E+00, 0.5000E-02, 0.5806E+00, 0.3845E+00, 0.1000E-01
    420000, 0.4866E-02, 0.4754E-02, 0.5000E-02, 0.1481E+00, 0.2938E-01, 0.1000E-01, 0.5093E+00, 0.8349E-01, 0.5000E-02, 0.1272E+00, 0.1228E+00, 0.5000E-02, 0.2258E+00, 0.1627E+00, 0.1000E-01, 0.3604E+00, 0.2142E+00, 0.1000E-01, 0.5205E+00, 0.2943E+00, 0.5000E-02, 0.5806E+00, 0.3744E+00, 0.1000E-01
    430000, 0.4839E-02, 0.4725E-02, 0.5000E-02, 0.1480E+00, 0.2936E-01, 0.1000E-01, 0.5089E+00, 0.8342E-01, 0.5000E-02, 0.1274E+00, 0.1228E+00, 0.5000E-02, 0.2263E+00, 0.1632E+00, 0.1000E-01, 0.3611E+00, 0.2038E+00, 0.1000E-01, 0.5205E+00, 0.2839E+00, 0.5000E-02, 0.5806E+00, 0.3639E+00, 0.1000E-01
    440000, 0.4844E-02, 0.4737E-02, 0.5000E-02, 0.1480E+00, 0.2943E-01, 0.1000E-01, 0.5090E+00, 0.8363E-01, 0.5000E-02, 0.1271E+00, 0.1233E+00, 0.5000E-02, 0.2256E+00, 0.1634E+00, 0.1000E-01, 0.3607E+00, 0.1966E+00, 0.1000E-01, 0.5205E+00, 0.2732E+00, 0.5000E-02, 0.5806E+00, 0.3533E+00, 0.1000E-01
    450000, 0.4855E-02, 0.4676E-02, 0.5000E-02, 0.1479E+00, 0.2943E-01, 0.1000E-01, 0.5092E+00, 0.8375E-01, 0.5000E-02, 0.1271E+00, 0.1234E+00, 0.5000E-02, 0.2247E+00, 0.1627E+00, 0.1000E-01, 0.3602E+00, 0.1957E+00, 0.1000E-01, 0.5205E+00, 0.2623E+00, 0.5000E-02, 0.5806E+00, 0.3424E+00, 0.1000E-01
    460000, 0.4869E-02, 0.4692E-02, 0.5000E-02, 0.1479E+00, 0.2941E-01, 0.1000E-01, 0.5094E+00, 0.8371E-01, 0.5000E-02, 0.1272E+00, 0.1232E+00, 0.5000E-02, 0.2244E+00, 0.1629E+00, 0.1000E-01, 0.3618E+00, 0.1960E+00, 0.1000E-01, 0.5205E+00, 0.2511E+00, 0.5000E-02, 0.5806E+00, 0.3312E+00, 0.1000E-01
    470000, 0.4870E-02, 0.4711E-02, 0.5000E-02, 0.1480E+00, 0.2932E-01, 0.1000E-01, 0.5092E+00, 0.8363E-01, 0.5000E-02, 0.1277E+00, 0.1224E+00, 0.5000E-02, 0.2240E+00, 0.1630E+00, 0.1000E-01, 0.3622E+00, 0.1950E+00, 0.1000E-01, 0.5205E+00, 0.2397E+00, 0.5000E-02, 0.5806E+00, 0.3198E+00, 0.1000E-01
    480000, 0.4885E-02, 0.4728E-02, 0.5000E-02, 0.1482E+00, 0.2933E-01, 0.1000E-01, 0.5092E+00, 0.8362E-01, 0.5000E-02, 0.1278E+00, 0.1223E+00, 0.5000E-02, 0.2239E+00, 0.1633E+00, 0.1000E-01, 0.3629E+00, 0.1938E+00, 0.1000E-01, 0.5229E+00, 0.2338E+00, 0.5000E-02, 0.5806E+00, 0.3082E+00, 0.1000E-01
    490000, 0.4900E-02, 0.4724E-02, 0.5000E-02, 0.1486E+00, 0.2939E-01, 0.1000E-01, 0.5095E+00, 0.8371E-01, 0.5000E-02, 0.1279E+00, 0.1225E+00, 0.5000E-02, 0.2240E+00, 0.1635E+00, 0.1000E-01, 0.3636E+00, 0.1930E+00, 0.1000E-01, 0.5260E+00, 0.2268E+00, 0.5000E-02, 0.5806E+00, 0.2963E+00, 0.1000E-01
    500000, 0.4894E-02, 0.4693E-02, 0.5000E-02, 0.1487E+00, 0.2934E-01, 0.1000E-01, 0.5095E+00, 0.8368E-01, 0.5000E-02, 0.1282E+00, 0.1223E+00, 0.5000E-02, 0.2239E+00, 0.1636E+00, 0.1000E-01, 0.3638E+00, 0.1923E+00, 0.1000E-01, 0.5254E+00, 0.2245E+00, 0.5000E-02, 0.5806E+00, 0.2841E+00, 0.1000E-01
    510000, 0.4866E-02, 0.4700E-02, 0.5000E-02, 0.1487E+00, 0.2931E-01, 0.1000E-01, 0.5095E+00, 0.8378E-01, 0.5000E-02, 0.1283E+00, 0.1222E+00, 0.5000E-02, 0.2240E+00, 0.1636E+00, 0.1000E-01, 0.3638E+00, 0.1921E+00, 0.1000E-01, 0.5240E+00, 0.2236E+00, 0.5000E-02, 0.5800E+00, 0.2728E+00, 0.1000E-01
    520000, 0.4863E-02, 0.4750E-02, 0.5000E-02, 0.1487E+00, 0.2936E-01, 0.1000E-01, 0.5094E+00, 0.8374E-01, 0.5000E-02, 0.1282E+00, 0.1224E+00, 0.5000E-02, 0.2242E+00, 0.1636E+00, 0.1000E-01, 0.3636E+00, 0.1922E+00, 0.1000E-01, 0.5237E+00, 0.2229E+00, 0.5000E-02, 0.5782E+00, 0.2646E+00, 0.1000E-01
    530000, 0.4872E-02, 0.4772E-02, 0.5000E-02, 0.1486E+00, 0.2939E-01, 0.1000E-01, 0.5094E+00, 0.8365E-01, 0.5000E-02, 0.1281E+00, 0.1227E+00, 0.5000E-02, 0.2240E+00, 0.1638E+00, 0.1000E-01, 0.3634E+00, 0.1922E+00, 0.1000E-01, 0.5236E+00, 0.2227E+00, 0.5000E-02, 0.5776E+00, 0.2614E+00, 0.1000E-01
    540000, 0.4873E-02, 0.4775E-02, 0.5000E-02, 0.1485E+00, 0.2941E-01, 0.1000E-01, 0.5094E+00, 0.8382E-01, 0.5000E-02, 0.1280E+00, 0.1228E+00, 0.5000E-02, 0.2238E+00, 0.1639E+00, 0.1000E-01, 0.3632E+00, 0.1925E+00, 0.1000E-01, 0.5236E+00, 0.2231E+00, 0.5000E-02, 0.5770E+00, 0.2602E+00, 0.1000E-01
    550000, 0.4873E-02, 0.4783E-02, 0.5000E-02, 0.1485E+00, 0.2942E-01, 0.1000E-01, 0.5094E+00, 0.8407E-01, 0.5000E-02, 0.1278E+00, 0.1230E+00, 0.5000E-02, 0.2236E+00, 0.1641E+00, 0.1000E-01, 0.3629E+00, 0.1928E+00, 0.1000E-01, 0.5235E+00, 0.2236E+00, 0.5000E-02, 0.5766E+00, 0.2601E+00, 0.1000E-01
    560000, 0.4878E-02, 0.4799E-02, 0.5000E-02, 0.1485E+00, 0.2944E-01, 0.1000E-01, 0.5094E+00, 0.8428E-01, 0.5000E-02, 0.1278E+00, 0.1230E+00, 0.5000E-02, 0.2235E+00, 0.1642E+00, 0.1000E-01, 0.3628E+00, 0.1931E+00, 0.1000E-01, 0.5235E+00, 0.2239E+00, 0.5000E-02, 0.5765E+00, 0.2601E+00, 0.1000E-01
    570000, 0.4881E-02, 0.4810E-02, 0.5000E-02, 0.1485E+00, 0.2947E-01, 0.1000E-01, 0.5093E+00, 0.8441E-01, 0.5000E-02, 0.1279E+00, 0.1231E+00, 0.5000E-02, 0.2234E+00, 0.1643E+00, 0.1000E-01, 0.3626E+00, 0.1932E+00, 0.1000E-01, 0.5234E+00, 0.2242E+00, 0.5000E-02, 0.5764E+00, 0.2602E+00, 0.1000E-01
    580000, 0.4883E-02, 0.4814E-02, 0.5000E-02, 0.1485E+00, 0.2948E-01, 0.1000E-01, 0.5093E+00, 0.8445E-01, 0.5000E-02, 0.1279E+00, 0.1231E+00, 0.5000E-02, 0.2234E+00, 0.1643E+00, 0.1000E-01, 0.3625E+00, 0.1933E+00, 0.1000E-01, 0.5233E+00, 0.2242E+00, 0.5000E-02, 0.5763E+00, 0.2601E+00, 0.1000E-01
    590000, 0.4883E-02, 0.4815E-02, 0.5000E-02, 0.1485E+00, 0.2947E-01, 0.1000E-01, 0.5093E+00, 0.8441E-01, 0.5000E-02, 0.1280E+00, 0.1231E+00, 0.5000E-02, 0.2234E+00, 0.1643E+00, 0.1000E-01, 0.3625E+00, 0.1932E+00, 0.1000E-01, 0.5233E+00, 0.2242E+00, 0.5000E-02, 0.5761E+00, 0.2600E+00, 0.1000E-01
    600000, 0.4882E-02, 0.4814E-02, 0.5000E-02, 0.1485E+00, 0.2946E-01, 0.1000E-01, 0.5092E+00, 0.8433E-01, 0.5000E-02, 0.1280E+00, 0.1230E+00, 0.5000E-02, 0.2235E+00, 0.1642E+00, 0.1000E-01, 0.3625E+00, 0.1931E+00, 0.1000E-01, 0.5233E+00, 0.2240E+00, 0.5000E-02, 0.5760E+00, 0.2598E+00, 0.1000E-01
    610000, 0.4881E-02, 0.4810E-02, 0.5000E-02, 0.1485E+00, 0.2945E-01, 0.1000E-01, 0.5092E+00, 0.8424E-01, 0.5000E-02, 0.1280E+00, 0.1230E+00, 0.5000E-02, 0.2235E+00, 0.1642E+00, 0.1000E-01, 0.3626E+00, 0.1930E+00, 0.1000E-01, 0.5233E+00, 0.2239E+00, 0.5000E-02, 0.5758E+00, 0.2596E+00, 0.1000E-01
    620000, 0.4881E-02, 0.4810E-02, 0.5000E-02, 0.1485E+00, 0.2944E-01, 0.1000E-01, 0.5092E+00, 0.8418E-01, 0.5000E-02, 0.1280E+00, 0.1229E+00, 0.5000E-02, 0.2235E+00, 0.1642E+00, 0.1000E-01, 0.3627E+00, 0.1929E+00, 0.1000E-01, 0.5234E+00, 0.2238E+00, 0.5000E-02, 0.5757E+00, 0.2593E+00, 0.1000E-01
    630000, 0.4881E-02, 0.4810E-02, 0.5000E-02, 0.1485E+00, 0.2944E-01, 0.1000E-01, 0.5092E+00, 0.8415E-01, 0.5000E-02, 0.1280E+00, 0.1229E+00, 0.5000E-02, 0.2235E+00, 0.1642E+00, 0.1000E-01, 0.3627E+00, 0.1928E+00, 0.1000E-01, 0.5234E+00, 0.2237E+00, 0.5000E-02, 0.5754E+00, 0.2590E+00, 0.1000E-01
    640000, 0.4881E-02, 0.4810E-02, 0.5000E-02, 0.1485E+00, 0.2945E-01, 0.1000E-01, 0.5092E+00, 0.8415E-01, 0.5000E-02, 0.1280E+00, 0.1230E+00, 0.5000E-02, 0.2235E+00, 0.1642E+00, 0.1000E-01, 0.3627E+00, 0.1928E+00, 0.1000E-01, 0.5235E+00, 0.2237E+00, 0.5000E-02, 0.5752E+00, 0.2587E+00, 0.1000E-01
    650000, 0.4881E-02, 0.4809E-02, 0.5000E-02, 0.1485E+00, 0.2945E-01, 0.1000E-01, 0.5092E+00, 0.8415E-01, 0.5000E-02, 0.1280E+00, 0.1230E+00, 0.5000E-02, 0.2235E+00, 0.1642E+00, 0.1000E-01, 0.3628E+00, 0.1928E+00, 0.1000E-01, 0.5235E+00, 0.2237E+00, 0.5000E-02, 0.5749E+00, 0.2584E+00, 0.1000E-01
    660000, 0.4881E-02, 0.4809E-02, 0.5000E-02, 0.1485E+00, 0.2946E-01, 0.1000E-01, 0.5092E+00, 0.8416E-01, 0.5000E-02, 0.1280E+00, 0.1230E+00, 0.5000E-02, 0.2235E+00, 0.1643E+00, 0.1000E-01, 0.3628E+00, 0.1928E+00, 0.1000E-01, 0.5236E+00, 0.2237E+00, 0.5000E-02, 0.5747E+00, 0.2580E+00, 0.1000E-01
    670000, 0.4881E-02, 0.4809E-02, 0.5000E-02, 0.1485E+00, 0.2946E-01, 0.1000E-01, 0.5092E+00, 0.8416E-01, 0.5000E-02, 0.1280E+00, 0.1230E+00, 0.5000E-02, 0.2235E+00, 0.1643E+00, 0.1000E-01, 0.3628E+00, 0.1928E+00, 0.1000E-01, 0.5236E+00, 0.2237E+00, 0.5000E-02, 0.5747E+00, 0.2580E+00, 0.1000E-01
    680000, 0.4881E-02, 0.4809E-02, 0.5000E-02, 0.1485E+00, 0.2946E-01, 0.1000E-01, 0.5092E+00, 0.8416E-01, 0.5000E-02, 0.1280E+00, 0.1230E+00, 0.5000E-02, 0.2235E+00, 0.1643E+00, 0.1000E-01, 0.3629E+00, 0.1928E+00, 0.1000E-01, 0.5236E+00, 0.2237E+00, 0.5000E-02, 0.5748E+00, 0.2580E+00, 0.1000E-01
    690000, 0.4881E-02, 0.4809E-02, 0.5000E-02, 0.1485E+00, 0.2946E-01, 0.1000E-01, 0.5092E+00, 0.8417E-01, 0.5000E-02, 0.1280E+00, 0.1230E+00, 0.5000E-02, 0.2235E+00, 0.1643E+00, 0.1000E-01, 0.3629E+00, 0.1928E+00, 0.1000E-01, 0.5236E+00, 0.2237E+00, 0.5000E-02, 0.5749E+00, 0.2579E+00, 0.1000E-01
    700000, 0.4881E-02, 0.4809E-02, 0.5000E-02, 0.1485E+00, 0.2946E-01, 0.1000E-01, 0.5092E+00, 0.8418E-01, 0.5000E-02, 0.1280E+00, 0.1230E+00, 0.5000E-02, 0.2235E+00, 0.1642E+00, 0.1000E-01, 0.3629E+00, 0.1928E+00, 0.1000E-01, 0.5236E+00, 0.2238E+00, 0.5000E-02, 0.5751E+00, 0.2578E+00, 0.1000E-01
    710000, 0.4881E-02, 0.4809E-02, 0.5000E-02, 0.1485E+00, 0.2946E-01, 0.1000E-01, 0.5092E+00, 0.8418E-01, 0.5000E-02, 0.1280E+00, 0.1230E+00, 0.5000E-02, 0.2235E+00, 0.1642E+00, 0.1000E-01, 0.3629E+00, 0.1927E+00, 0.1000E-01, 0.5236E+00, 0.2238E+00, 0.5000E-02, 0.5753E+00, 0.2576E+00, 0.1000E-01
    720000, 0.4881E-02, 0.4809E-02, 0.5000E-02, 0.1485E+00, 0.2946E-01, 0.1000E-01, 0.5092E+00, 0.8417E-01, 0.5000E-02, 0.1280E+00, 0.1230E+00, 0.5000E-02, 0.2235E+00, 0.1642E+00, 0.1000E-01, 0.3629E+00, 0.1927E+00, 0.1000E-01, 0.5236E+00, 0.2238E+00, 0.5000E-02, 0.5754E+00, 0.2575E+00, 0.1000E-01
    730000, 0.4881E-02, 0.4809E-02, 0.5000E-02, 0.1485E+00, 0.2946E-01, 0.1000E-01, 0.5092E+00, 0.8416E-01, 0.5000E-02, 0.1280E+00, 0.1230E+00, 0.5000E-02, 0.2235E+00, 0.1642E+00, 0.1000E-01, 0.3629E+00, 0.1927E+00, 0.1000E-01, 0.5235E+00, 0.2238E+00, 0.5000E-02, 0.5754E+00, 0.2574E+00, 0.1000E-01
    740000, 0.4881E-02, 0.4809E-02, 0.5000E-02, 0.1485E+00, 0.2946E-01, 0.1000E-01, 0.5092E+00, 0.8416E-01, 0.5000E-02, 0.1280E+00, 0.1230E+00, 0.5000E-02, 0.2235E+00, 0.1642E+00, 0.1000E-01, 0.3630E+00, 0.1927E+00, 0.1000E-01, 0.5235E+00, 0.2238E+00, 0.5000E-02, 0.5754E+00, 0.2574E+00, 0.1000E-01
    750000, 0.4881E-02, 0.4809E-02, 0.5000E-02, 0.1485E+00, 0.2946E-01, 0.1000E-01, 0.5092E+00, 0.8416E-01, 0.5000E-02, 0.1280E+00, 0.1230E+00, 0.5000E-02, 0.2235E+00, 0.1643E+00, 0.1000E-01, 0.3630E+00, 0.1927E+00, 0.1000E-01, 0.5235E+00, 0.2238E+00, 0.5000E-02, 0.5754E+00, 0.2574E+00, 0.1000E-01
    760000, 0.4881E-02, 0.4809E-02, 0.5000E-02, 0.1485E+00, 0.2946E-01, 0.1000E-01, 0.5092E+00, 0.8417E-01, 0.5000E-02, 0.1280E+00, 0.1230E+00, 0.5000E-02, 0.2235E+00, 0.1643E+00, 0.1000E-01, 0.3629E+00, 0.1927E+00, 0.1000E-01, 0.5235E+00, 0.2238E+00, 0.5000E-02, 0.5754E+00, 0.2574E+00, 0.1000E-01
    770000, 0.4881E-02, 0.4809E-02, 0.5000E-02, 0.1485E+00, 0.2946E-01, 0.1000E-01, 0.5092E+00, 0.8417E-01, 0.5000E-02, 0.1280E+00, 0.1230E+00, 0.5000E-02, 0.2235E+00, 0.1643E+00, 0.1000E-01, 0.3629E+00, 0.1927E+00, 0.1000E-01, 0.5235E+00, 0.2238E+00, 0.5000E-02, 0.5754E+00, 0.2574E+00, 0.1000E-01
    780000, 0.4881E-02, 0.4809E-02, 0.5000E-02, 0.1485E+00, 0.2946E-01, 0.1000E-01, 0.5092E+00, 0.8417E-01, 0.5000E-02, 0.1280E+00, 0.1230E+00, 0.5000E-02, 0.2235E+00, 0.1643E+00, 0.1000E-01, 0.3629E+00, 0.1927E+00, 0.1000E-01, 0.5235E+00, 0.2238E+00, 0.5000E-02, 0.5754E+00, 0.2574E+00, 0.1000E-01
    790000, 0.4881E-02, 0.4809E-02, 0.5000E-02, 0.1485E+00, 0.2946E-01, 0.1000E-01, 0.5092E+00, 0.8417E-01, 0.5000E-02, 0.1280E+00, 0.1230E+00, 0.5000E-02, 0.2235E+00, 0.1643E+00, 0.1000E-01, 0.3629E+00, 0.1927E+00, 0.1000E-01, 0.5235E+00, 0.2238E+00, 0.5000E-02, 0.5754E+00, 0.2574E+00, 0.1000E-01
    800000, 0.4881E-02, 0.4809E-02, 0.5000E-02, 0.1485E+00, 0.2946E-01, 0.1000E-01, 0.5092E+00, 0.8417E-01, 0.5000E-02, 0.1280E+00, 0.1230E+00, 0.5000E-02, 0.2235E+00, 0.1643E+00, 0.1000E-01, 0.3629E+00, 0.1927E+00, 0.1000E-01, 0.5235E+00, 0.2238E+00, 0.5000E-02, 0.5754E+00, 0.2574E+00, 0.1000E-01
    810000, 0.4881E-02, 0.4809E-02, 0.5000E-02, 0.1485E+00, 0.2946E-01, 0.1000E-01, 0.5092E+00, 0.8417E-01, 0.5000E-02, 0.1280E+00, 0.1230E+00, 0.5000E-02, 0.2235E+00, 0.1643E+00, 0.1000E-01, 0.3629E+00, 0.1927E+00, 0.1000E-01, 0.5235E+00, 0.2238E+00, 0.5000E-02, 0.5755E+00, 0.2574E+00, 0.1000E-01
    820000, 0.4881E-02, 0.4809E-02, 0.5000E-02, 0.1485E+00, 0.2946E-01, 0.1000E-01, 0.5092E+00, 0.8417E-01, 0.5000E-02, 0.1280E+00, 0.1230E+00, 0.5000E-02, 0.2235E+00, 0.1643E+00, 0.1000E-01, 0.3629E+00, 0.1927E+00, 0.1000E-01, 0.5235E+00, 0.2238E+00, 0.5000E-02, 0.5754E+00, 0.2574E+00, 0.1000E-01
    830000, 0.4881E-02, 0.4809E-02, 0.5000E-02, 0.1485E+00, 0.2946E-01, 0.1000E-01, 0.5092E+00, 0.8417E-01, 0.5000E-02, 0.1280E+00, 0.1230E+00, 0.5000E-02, 0.2235E+00, 0.1643E+00, 0.1000E-01, 0.3629E+00, 0.1927E+00, 0.1000E-01, 0.5235E+00, 0.2238E+00, 0.5000E-02, 0.5754E+00, 0.2574E+00, 0.1000E-01
    840000, 0.4881E-02, 0.4809E-02, 0.5000E-02, 0.1485E+00, 0.2946E-01, 0.1000E-01, 0.5092E+00, 0.8417E-01, 0.5000E-02, 0.1280E+00, 0.1230E+00, 0.5000E-02, 0.2235E+00, 0.1643E+00, 0.1000E-01, 0.3629E+00, 0.1927E+00, 0.1000E-01, 0.5235E+00, 0.2238E+00, 0.5000E-02, 0.5754E+00, 0.2575E+00, 0.1000E-01
    850000, 0.4881E-02, 0.4809E-02, 0.5000E-02, 0.1485E+00, 0.2946E-01, 0.1000E-01, 0.5092E+00, 0.8417E-01, 0.5000E-02, 0.1280E+00, 0.1230E+00, 0.5000E-02, 0.2235E+00, 0.1643E+00, 0.1000E-01, 0.3629E+00, 0.1927E+00, 0.1000E-01, 0.5235E+00, 0.2238E+00, 0.5000E-02, 0.5754E+00, 0.2575E+00, 0.1000E-01
    860000, 0.4881E-02, 0.4809E-02, 0.5000E-02, 0.1485E+00, 0.2946E-01, 0.1000E-01, 0.5092E+00, 0.8417E-01, 0.5000E-02, 0.1280E+00, 0.1230E+00, 0.5000E-02, 0.2235E+00, 0.1643E+00, 0.1000E-01, 0.3629E+00, 0.1927E+00, 0.1000E-01, 0.5235E+00, 0.2238E+00, 0.5000E-02, 0.5754E+00, 0.2575E+00, 0.1000E-01
    870000, 0.4881E-02, 0.4809E-02, 0.5000E-02, 0.1485E+00, 0.2946E-01, 0.1000E-01, 0.5092E+00, 0.8417E-01, 0.5000E-02, 0.1280E+00, 0.1230E+00, 0.5000E-02, 0.2235E+00, 0.1643E+00, 0.1000E-01, 0.3629E+00, 0.1927E+00, 0.1000E-01, 0.5235E+00, 0.2238E+00, 0.5000E-02, 0.5754E+00, 0.2575E+00, 0.1000E-01
    880000, 0.4881E-02, 0.4809E-02, 0.5000E-02, 0.1485E+00, 0.2946E-01, 0.1000E-01, 0.5092E+00, 0.8417E-01, 0.5000E-02, 0.1280E+00, 0.1230E+00, 0.5000E-02, 0.2235E+00, 0.1643E+00, 0.1000E-01, 0.3629E+00, 0.1927E+00, 0.1000E-01, 0.5235E+00, 0.2238E+00, 0.5000E-02, 0.5754E+00, 0.2575E+00, 0.1000E-01
    890000, 0.4881E-02, 0.4809E-02, 0.5000E-02, 0.1485E+00, 0.2946E-01, 0.1000E-01, 0.5092E+00, 0.8417E-01, 0.5000E-02, 0.1280E+00, 0.1230E+00, 0.5000E-02, 0.2235E+00, 0.1643E+00, 0.1000E-01, 0.3629E+00, 0.1927E+00, 0.1000E-01, 0.5235E+00, 0.2238E+00, 0.5000E-02, 0.5754E+00, 0.2575E+00, 0.1000E-01
    900000, 0.4881E-02, 0.4809E-02, 0.5000E-02, 0.1485E+00, 0.2946E-01, 0.1000E-01, 0.5092E+00, 0.8417E-01, 0.5000E-02, 0.1280E+00, 0.1230E+00, 0.5000E-02, 0.2235E+00, 0.1643E+00, 0.1000E-01, 0.3629E+00, 0.1927E+00, 0.1000E-01, 0.5235E+00, 0.2238E+00, 0.5000E-02, 0.5754E+00, 0.2575E+00, 0.1000E-01
    910000, 0.4881E-02, 0.4809E-02, 0.5000E-02, 0.1485E+00, 0.2946E-01, 0.1000E-01, 0.5092E+00, 0.8417E-01, 0.5000E-02, 0.1280E+00, 0.1230E+00, 0.5000E-02, 0.2235E+00, 0.1643E+00, 0.1000E-01, 0.3629E+00, 0.1927E+00, 0.1000E-01, 0.5235E+00, 0.2238E+00, 0.5000E-02, 0.5754E+00, 0.2575E+00, 0.1000E-01
    920000, 0.4881E-02, 0.4809E-02, 0.5000E-02, 0.1485E+00, 0.2946E-01, 0.1000E-01, 0.5092E+00, 0.8417E-01, 0.5000E-02, 0.1280E+00, 0.1230E+00, 0.5000E-02, 0.2235E+00, 0.1643E+00, 0.1000E-01, 0.3629E+00, 0.1927E+00, 0.1000E-01, 0.5235E+00, 0.2238E+00, 0.5000E-02, 0.5754E+00, 0.2575E+00, 0.1000E-01
    930000, 0.4881E-02, 0.4809E-02, 0.5000E-02, 0.1485E+00, 0.2946E-01, 0.1000E-01, 0.5092E+00, 0.8417E-01, 0.5000E-02, 0.1280E+00, 0.1230E+00, 0.5000E-02, 0.2235E+00, 0.1643E+00, 0.1000E-01, 0.3629E+00, 0.1927E+00, 0.1000E-01, 0.5235E+00, 0.2238E+00, 0.5000E-02, 0.5754E+00, 0.2575E+00, 0.1000E-01
    940000, 0.4881E-02, 0.4809E-02, 0.5000E-02, 0.1485E+00, 0.2946E-01, 0.1000E-01, 0.5092E+00, 0.8417E-01, 0.5000E-02, 0.1280E+00, 0.1230E+00, 0.5000E-02, 0.2235E+00, 0.1643E+00, 0.1000E-01, 0.3629E+00, 0.1927E+00, 0.1000E-01, 0.5235E+00, 0.2238E+00, 0.5000E-02, 0.5754E+00, 0.2575E+00, 0.1000E-01
    950000, 0.4881E-02, 0.4809E-02, 0.5000E-02, 0.1485E+00, 0.2946E-01, 0.1000E-01, 0.5092E+00, 0.8417E-01, 0.5000E-02, 0.1280E+00, 0.1230E+00, 0.5000E-02, 0.2235E+00, 0.1643E+00, 0.1000E-01, 0.3629E+00, 0.1927E+00, 0.1000E-01, 0.5235E+00, 0.2238E+00, 0.5000E-02, 0.5754E+00, 0.2575E+00, 0.1000E-01
    960000, 0.4881E-02, 0.4809E-02, 0.5000E-02, 0.1485E+00, 0.2946E-01, 0.1000E-01, 0.5092E+00, 0.8417E-01, 0.5000E-02, 0.1280E+00, 0.1230E+00, 0.5000E-02, 0.2235E+00, 0.1643E+00, 0.1000E-01, 0.3629E+00, 0.1927E+00, 0.1000E-01, 0.5235E+00, 0.2238E+00, 0.5000E-02, 0.5754E+00, 0.2575E+00, 0.1000E-01
    970000, 0.4881E-02, 0.4809E-02, 0.5000E-02, 0.1485E+00, 0.2946E-01, 0.1000E-01, 0.5092E+00, 0.8417E-01, 0.5000E-02, 0.1280E+00, 0.1230E+00, 0.5000E-02, 0.2235E+00, 0.1643E+00, 0.1000E-01, 0.3629E+00, 0.1927E+00, 0.1000E-01, 0.5235E+00, 0.2238E+00, 0.5000E-02, 0.5754E+00, 0.2575E+00, 0.1000E-01
    980000, 0.4881E-02, 0.4809E-02, 0.5000E-02, 0.1485E+00, 0.2946E-01, 0.1000E-01, 0.5092E+00, 0.8417E-01, 0.5000E-02, 0.1280E+00, 0.1230E+00, 0.5000E-02, 0.2235E+00, 0.1643E+00, 0.1000E-01, 0.3629E+00, 0.1927E+00, 0.1000E-01, 0.5235E+00, 0.2238E+00, 0.5000E-02, 0.5754E+00, 0.2575E+00, 0.1000E-01
    990000, 0.4881E-02, 0.4809E-02, 0.5000E-02, 0.1485E+00, 0.2946E-01, 0.1000E-01, 0.5092E+00, 0.8417E-01, 0.5000E-02, 0.1280E+00, 0.1230E+00, 0.5000E-02, 0.2235E+00, 0.1643E+00, 0.1000E-01, 0.3629E+00, 0.1927E+00, 0.1000E-01, 0.5235E+00, 0.2238E+00, 0.5000E-02, 0.5754E+00, 0.2575E+00, 0.1000E-01
   1000000, 0.4881E-02, 0.4809E-02, 0.5000E-02, 0.1485E+00, 0.2946E-01, 0.1000E-01, 0.5092E+00, 0.8417E-01, 0.5000E-02, 0.1280E+00, 0.1230E+00, 0.5000E-02, 0.2235E+00, 0.1643E+00, 0.1000E-01, 0.3629E+00, 0.1927E+00, 0.1000E-01, 0.5235E+00, 0.2238E+00, 0.5000E-02, 0.5754E+00, 0.2575E+00, 0.1000E-01
   1010000, 0.4881E-02, 0.4809E-02, 0.5000E-02, 0.1485E+00, 0.2946E-01, 0.1000E-01, 0.5092E+00, 0.8417E-01, 0.5000E-02, 0.1280E+00, 0.1230E+00, 0.5000E-02, 0.2235E+00, 0.1643E+00, 0.1000E-01, 0.3629E+00, 0.1927E+00, 0.1000E-01, 0.5235E+00, 0.2238E+00, 0.5000E-02, 0.5754E+00, 0.2575E+00, 0.1000E-01
   1020000, 0.4881E-02, 0.4809E-02, 0.5000E-02, 0.1485E+00, 0.2946E-01, 0.1000E-01, 0.5092E+00, 0.8417E-01, 0.5000E-02, 0.1280E+00, 0.1230E+00, 0.5000E-02, 0.2235E+00, 0.1643E+00, 0.1000E-01, 0.3629E+00, 0.1927E+00, 0.1000E-01, 0.5235E+00, 0.2238E+00, 0.5000E-02, 0.5754E+00, 0.2575E+00, 0.1000E-01
   1030000, 0.4881E-02, 0.4809E-02, 0.5000E-02, 0.1485E+00, 0.2946E-01, 0.1000E-01, 0.5092E+00, 0.8417E-01, 0.5000E-02, 0.1280E+00, 0.1230E+00, 0.5000E-02, 0.2235E+00, 0.1643E+00, 0.1000E-01, 0.3629E+00, 0.1927E+00, 0.1000E-01, 0.5235E+00, 0.2238E+00, 0.5000E-02, 0.5754E+00, 0.2575E+00, 0.1000E-01
   1040000, 0.4881E-02, 0.4809E-02, 0.5000E-02, 0.1485E+00, 0.2946E-01, 0.1000E-01, 0.5092E+00, 0.8417E-01, 0.5000E-02, 0.1280E+00, 0.1230E+00, 0.5000E-02, 0.2235E+00, 0.1643E+00, 0.1000E-01, 0.3629E+00, 0.1927E+00, 0.1000E-01, 0.5235E+00, 0.2238E+00, 0.5000E-02, 0.5754E+00, 0.2575E+00, 0.1000E-01
   1050000, 0.4881E-02, 0.4809E-02, 0.5000E-02, 0.1485E+00, 0.2946E-01, 0.1000E-01, 0.5092E+00, 0.8417E-01, 0.5000E-02, 0.1280E+00, 0.1230E+00, 0.5000E-02, 0.2235E+00, 0.1643E+00, 0.1000E-01, 0.3629E+00, 0.1927E+00, 0.1000E-01, 0.5235E+00, 0.2238E+00, 0.5000E-02, 0.5754E+00, 0.2575E+00, 0.1000E-01
   1060000, 0.4881E-02, 0.4809E-02, 0.5000E-02, 0.1485E+00, 0.2946E-01, 0.1000E-01, 0.5092E+00, 0.8417E-01, 0.5000E-02, 0.1280E+00, 0.1230E+00, 0.5000E-02, 0.2235E+00, 0.1643E+00, 0.1000E-01, 0.3629E+00, 0.1927E+00, 0.1000E-01, 0.5235E+00, 0.2238E+00, 0.5000E-02, 0.5754E+00, 0.2575E+00, 0.1000E-01
   1070000, 0.4881E-02, 0.4809E-02, 0.5000E-02, 0.1485E+00, 0.2946E-01, 0.1000E-01, 0.5092E+00, 0.8417E-01, 0.5000E-02, 0.1280E+00, 0.1230E+00, 0.5000E-02, 0.2235E+00, 0.1643E+00, 0.1000E-01, 0.3629E+00, 0.1927E+00, 0.1000E-01, 0.5235E+00, 0.2238E+00, 0.5000E-02, 0.5754E+00, 0.2575E+00, 0.1000E-01
   1080000, 0.4881E-02, 0.4809E-02, 0.5000E-02, 0.1485E+00, 0.2946E-01, 0.1000E-01, 0.5092E+00, 0.8417E-01, 0.5000E-02, 0.1280E+00, 0.1230E+00, 0.5000E-02, 0.2235E+00, 0.1643E+00, 0.1000E-01, 0.3629E+00, 0.1927E+00, 0.1000E-01, 0.5235E+00, 0.2238E+00, 0.5000E-02, 0.5754E+00, 0.2575E+00, 0.1000E-01
   1090000, 0.4881E-02, 0.4809E-02, 0.5000E-02, 0.1485E+00, 0.2946E-01, 0.1000E-01, 0.5092E+00, 0.8417E-01, 0.5000E-02, 0.1280E+00, 0.1230E+00, 0.5000E-02, 0.2235E+00, 0.1643E+00, 0.1000E-01, 0.3629E+00, 0.1927E+00, 0.1000E-01, 0.5235E+00, 0.2238E+00, 0.5000E-02, 0.5754E+00, 0.2575E+00, 0.1000E-01
   1100000, 0.4881E-02, 0.4809E-02, 0.5000E-02, 0.1485E+00, 0.2946E-01, 0.1000E-01, 0.5092E+00, 0.8417E-01, 0.5000E-02, 0.1280E+00, 0.1230E+00, 0.5000E-02, 0.2235E+00, 0.1643E+00, 0.1000E-01, 0.3629E+00, 0.1927E+00, 0.1000E-01, 0.5235E+00, 0.2238E+00, 0.5000E-02, 0.5754E+00, 0.2575E+00, 0.1000E-01
   1110000, 0.4881E-02, 0.4809E-02, 0.5000E-02, 0.1485E+00, 0.2946E-01, 0.1000E-01, 0.5092E+00, 0.8417E-01, 0.5000E-02, 0.1280E+00, 0.1230E+00, 0.5000E-02, 0.2235E+00, 0.1643E+00, 0.1000E-01, 0.3629E+00, 0.1927E+00, 0.1000E-01, 0.5235E+00, 0.2238E+00, 0.5000E-02, 0.5754E+00, 0.2575E+00, 0.1000E-01
   1120000, 0.4881E-02, 0.4809E-02, 0.5000E-02, 0.1485E+00, 0.2946E-01, 0.1000E-01, 0.5092E+00, 0.8417E-01, 0.5000E-02, 0.1280E+00, 0.1230E+00, 0.5000E-02, 0.2235E+00, 0.1643E+00, 0.1000E-01, 0.3629E+00, 0.1927E+00, 0.1000E-01, 0.5235E+00, 0.2238E+00, 0.5000E-02, 0.5754E+00, 0.2575E+00, 0.1000E-01
   1130000, 0.4881E-02, 0.4809E-02, 0.5000E-02, 0.1485E+00, 0.2946E-01, 0.1000E-01, 0.5092E+00, 0.8417E-01, 0.5000E-02, 0.1280E+00, 0.1230E+00, 0.5000E-02, 0.2235E+00, 0.1643E+00, 0.1000E-01, 0.3629E+00, 0.1927E+00, 0.1000E-01, 0.5235E+00, 0.2238E+00, 0.5000E-02, 0.5754E+00, 0.2575E+00, 0.1000E-01
   1140000, 0.4881E-02, 0.4809E-02, 0.5000E-02, 0.1485E+00, 0.2946E-01, 0.1000E-01, 0.5092E+00, 0.8417E-01, 0.5000E-02, 0.1280E+00, 0.1230E+00, 0.5000E-02, 0.2235E+00, 0.1643E+00, 0.1000E-01, 0.3629E+00, 0.1927E+00, 0.1000E-01, 0.5235E+00, 0.2238E+00, 0.5000E-02, 0.5754E+00, 0.2575E+00, 0.1000E-01
   1150000, 0.4881E-02, 0.4809E-02, 0.5000E-02, 0.1485E+00, 0.2946E-01, 0.1000E-01, 0.5092E+00, 0.8417E-01, 0.5000E-02, 0.1280E+00, 0.1230E+00, 0.5000E-02, 0.2235E+00, 0.1643E+00, 0.1000E-01, 0.3629E+00, 0.1927E+00, 0.1000E-01, 0.5235E+00, 0.2238E+00, 0.5000E-02, 0.5754E+00, 0.2575E+00, 0.1000E-01
   1160000, 0.4881E-02, 0.4809E-02, 0.5000E-02, 0.1485E+00, 0.2946E-01, 0.1000E-01, 0.5092E+00, 0.8417E-01, 0.5000E-02, 0.1280E+00, 0.1230E+00, 0.5000E-02, 0.2235E+00, 0.1643E+00, 0.1000E-01, 0.3629E+00, 0.1927E+00, 0.1000E-01, 0.5235E+00, 0.2238E+00, 0.5000E-02, 0.5754E+00, 0.2575E+00, 0.1000E-01
   1170000, 0.4881E-02, 0.4809E-02, 0.5000E-02, 0.1485E+00, 0.2946E-01, 0.1000E-01, 0.5092E+00, 0.8417E-01, 0.5000E-02, 0.1280E+00, 0.1230E+00, 0.5000E-02, 0.2235E+00, 0.1643E+00, 0.1000E-01, 0.3629E+00, 0.1927E+00, 0.1000E-01, 0.5235E+00, 0.2238E+00, 0.5000E-02, 0.5754E+00, 0.2575E+00, 0.1000E-01
   1180000, 0.4881E-02, 0.4809E-02, 0.5000E-02, 0.1485E+00, 0.2946E-01, 0.1000E-01, 0.5092E+00, 0.8417E-01, 0.5000E-02, 0.1280E+00, 0.1230E+00, 0.5000E-02, 0.2235E+00, 0.1643E+00, 0.1000E-01, 0.3629E+00, 0.1927E+00, 0.1000E-01, 0.5235E+00, 0.2238E+00, 0.5000E-02, 0.5754E+00, 0.2575E+00, 0.1000E-01
   1190000, 0.4881E-02, 0.4809E-02, 0.5000E-02, 0.1485E+00, 0.2946E-01, 0.1000E-01, 0.5092E+00, 0.8417E-01, 0.5000E-02, 0.1280E+00, 0.1230E+00, 0.5000E-02, 0.2235E+00, 0.1643E+00, 0.1000E-01, 0.3629E+00, 0.1927E+00, 0.1000E-01, 0.5235E+00, 0.2238E+00, 0.5000E-02, 0.5754E+00, 0.2575E+00, 0.1000E-01
