 No,X0(ini),Z0(ini),rr(ini),,x0(ini),z0(R=r_0),z0(R=r_1)
1,1.00E-02,1.00E-02,5.00E-03,,1.00E-02,0.01001,0
2,3.00E-02,1.00E-02,5.00E-03,,3.00E-02,0.01001,0
3,5.01E-02,1.00E-02,5.00E-03,,5.01E-02,0.01001,0
4,7.01E-02,1.00E-02,1.00E-02,,7.01E-02,0,0.01001
5,9.01E-02,1.00E-02,5.00E-03,,9.01E-02,0.01001,0
6,1.10E-01,1.00E-02,5.00E-03,,1.10E-01,0.01001,0
7,1.30E-01,1.00E-02,5.00E-03,,1.30E-01,0.01001,0
8,1.50E-01,1.00E-02,5.00E-03,,1.50E-01,0.01001,0
9,1.70E-01,1.00E-02,5.00E-03,,1.70E-01,0.01001,0
10,1.90E-01,1.00E-02,5.00E-03,,1.90E-01,0.01001,0
11,2.10E-01,1.00E-02,1.00E-02,,2.10E-01,0,0.01001
12,2.30E-01,1.00E-02,1.00E-02,,2.30E-01,0,0.01001
13,2.50E-01,1.00E-02,5.00E-03,,2.50E-01,0.01001,0
14,2.70E-01,1.00E-02,1.00E-02,,2.70E-01,0,0.01001
15,3.30E-01,1.00E-02,1.00E-02,,3.30E-01,0,0.01001
16,3.50E-01,1.00E-02,1.00E-02,,3.50E-01,0,0.01001
17,4.30E-01,1.00E-02,1.00E-02,,4.30E-01,0,0.01001
18,4.51E-01,1.00E-02,1.00E-02,,4.51E-01,0,0.01001
19,4.71E-01,1.00E-02,1.00E-02,,4.71E-01,0,0.01001
20,4.91E-01,1.00E-02,5.00E-03,,4.91E-01,0.01001,0
21,5.11E-01,1.00E-02,5.00E-03,,5.11E-01,0.01001,0
22,5.71E-01,1.00E-02,1.00E-02,,5.71E-01,0,0.01001
23,5.91E-01,1.00E-02,5.00E-03,,5.91E-01,0.01001,0
24,2.00E-02,3.00E-02,5.00E-03,,2.00E-02,0.03003,0
25,4.00E-02,3.00E-02,5.00E-03,,4.00E-02,0.03003,0
26,6.01E-02,3.00E-02,5.00E-03,,6.01E-02,0.03003,0
27,8.01E-02,3.00E-02,5.00E-03,,8.01E-02,0.03003,0
28,1.00E-01,3.00E-02,5.00E-03,,1.00E-01,0.03003,0
29,1.20E-01,3.00E-02,5.00E-03,,1.20E-01,0.03003,0
30,1.40E-01,3.00E-02,1.00E-02,,1.40E-01,0,0.03003
31,1.60E-01,3.00E-02,5.00E-03,,1.60E-01,0.03003,0
32,1.80E-01,3.00E-02,1.00E-02,,1.80E-01,0,0.03003
33,2.00E-01,3.00E-02,5.00E-03,,2.00E-01,0.03003,0
34,2.20E-01,3.00E-02,1.00E-02,,2.20E-01,0,0.03003
35,2.40E-01,3.00E-02,5.00E-03,,2.40E-01,0.03003,0
36,2.60E-01,3.00E-02,5.00E-03,,2.60E-01,0.03003,0
37,3.00E-01,3.00E-02,5.00E-03,,3.00E-01,0.03003,0
38,3.20E-01,3.00E-02,5.00E-03,,3.20E-01,0.03003,0
39,3.40E-01,3.00E-02,5.00E-03,,3.40E-01,0.03003,0
40,3.60E-01,3.00E-02,5.00E-03,,3.60E-01,0.03003,0
41,3.80E-01,3.00E-02,1.00E-02,,3.80E-01,0,0.03003
42,4.20E-01,3.00E-02,1.00E-02,,4.20E-01,0,0.03003
43,4.40E-01,3.00E-02,1.00E-02,,4.40E-01,0,0.03003
44,4.61E-01,3.00E-02,1.00E-02,,4.61E-01,0,0.03003
45,4.81E-01,3.00E-02,5.00E-03,,4.81E-01,0.03003,0
46,5.01E-01,3.00E-02,5.00E-03,,5.01E-01,0.03003,0
47,5.21E-01,3.00E-02,1.00E-02,,5.21E-01,0,0.03003
48,5.41E-01,3.00E-02,1.00E-02,,5.41E-01,0,0.03003
49,1.00E-02,5.01E-02,1.00E-02,,1.00E-02,0,0.05005
50,3.00E-02,5.01E-02,5.00E-03,,3.00E-02,0.05005,0
51,7.01E-02,5.01E-02,1.00E-02,,7.01E-02,0,0.05005
52,9.01E-02,5.01E-02,1.00E-02,,9.01E-02,0,0.05005
53,1.10E-01,5.01E-02,5.00E-03,,1.10E-01,0.05005,0
54,1.50E-01,5.01E-02,5.00E-03,,1.50E-01,0.05005,0
55,2.10E-01,5.01E-02,1.00E-02,,2.10E-01,0,0.05005
56,2.50E-01,5.01E-02,5.00E-03,,2.50E-01,0.05005,0
57,2.70E-01,5.01E-02,5.00E-03,,2.70E-01,0.05005,0
58,3.10E-01,5.01E-02,1.00E-02,,3.10E-01,0,0.05005
59,3.50E-01,5.01E-02,5.00E-03,,3.50E-01,0.05005,0
60,3.90E-01,5.01E-02,5.00E-03,,3.90E-01,0.05005,0
61,4.10E-01,5.01E-02,5.00E-03,,4.10E-01,0.05005,0
62,4.30E-01,5.01E-02,5.00E-03,,4.30E-01,0.05005,0
63,4.51E-01,5.01E-02,5.00E-03,,4.51E-01,0.05005,0
64,4.91E-01,5.01E-02,5.00E-03,,4.91E-01,0.05005,0
65,5.11E-01,5.01E-02,1.00E-02,,5.11E-01,0,0.05005
66,5.31E-01,5.01E-02,1.00E-02,,5.31E-01,0,0.05005
67,5.51E-01,5.01E-02,5.00E-03,,5.51E-01,0.05005,0
68,5.71E-01,5.01E-02,5.00E-03,,5.71E-01,0.05005,0
69,5.91E-01,5.01E-02,5.00E-03,,5.91E-01,0.05005,0
70,2.00E-02,7.01E-02,5.00E-03,,2.00E-02,0.07007,0
71,4.00E-02,7.01E-02,1.00E-02,,4.00E-02,0,0.07007
72,6.01E-02,7.01E-02,1.00E-02,,6.01E-02,0,0.07007
73,8.01E-02,7.01E-02,1.00E-02,,8.01E-02,0,0.07007
74,1.00E-01,7.01E-02,5.00E-03,,1.00E-01,0.07007,0
75,1.20E-01,7.01E-02,5.00E-03,,1.20E-01,0.07007,0
76,1.40E-01,7.01E-02,5.00E-03,,1.40E-01,0.07007,0
77,1.60E-01,7.01E-02,5.00E-03,,1.60E-01,0.07007,0
78,1.80E-01,7.01E-02,5.00E-03,,1.80E-01,0.07007,0
79,2.00E-01,7.01E-02,5.00E-03,,2.00E-01,0.07007,0
80,2.40E-01,7.01E-02,1.00E-02,,2.40E-01,0,0.07007
81,2.80E-01,7.01E-02,5.00E-03,,2.80E-01,0.07007,0
82,3.00E-01,7.01E-02,1.00E-02,,3.00E-01,0,0.07007
83,3.20E-01,7.01E-02,1.00E-02,,3.20E-01,0,0.07007
84,3.40E-01,7.01E-02,5.00E-03,,3.40E-01,0.07007,0
85,3.60E-01,7.01E-02,5.00E-03,,3.60E-01,0.07007,0
86,3.80E-01,7.01E-02,1.00E-02,,3.80E-01,0,0.07007
87,4.20E-01,7.01E-02,5.00E-03,,4.20E-01,0.07007,0
88,4.40E-01,7.01E-02,5.00E-03,,4.40E-01,0.07007,0
89,4.61E-01,7.01E-02,1.00E-02,,4.61E-01,0,0.07007
90,4.81E-01,7.01E-02,1.00E-02,,4.81E-01,0,0.07007
91,5.01E-01,7.01E-02,1.00E-02,,5.01E-01,0,0.07007
92,5.21E-01,7.01E-02,1.00E-02,,5.21E-01,0,0.07007
93,5.41E-01,7.01E-02,1.00E-02,,5.41E-01,0,0.07007
94,5.81E-01,7.01E-02,5.00E-03,,5.81E-01,0.07007,0
95,1.00E-02,9.01E-02,5.00E-03,,1.00E-02,0.09009,0
96,3.00E-02,9.01E-02,5.00E-03,,3.00E-02,0.09009,0
97,7.01E-02,9.01E-02,1.00E-02,,7.01E-02,0,0.09009
98,9.01E-02,9.01E-02,5.00E-03,,9.01E-02,0.09009,0
99,1.10E-01,9.01E-02,1.00E-02,,1.10E-01,0,0.09009
100,1.50E-01,9.01E-02,1.00E-02,,1.50E-01,0,0.09009
101,1.70E-01,9.01E-02,1.00E-02,,1.70E-01,0,0.09009
102,1.90E-01,9.01E-02,1.00E-02,,1.90E-01,0,0.09009
103,2.10E-01,9.01E-02,1.00E-02,,2.10E-01,0,0.09009
104,2.50E-01,9.01E-02,5.00E-03,,2.50E-01,0.09009,0
105,2.70E-01,9.01E-02,1.00E-02,,2.70E-01,0,0.09009
106,2.90E-01,9.01E-02,1.00E-02,,2.90E-01,0,0.09009
107,3.50E-01,9.01E-02,1.00E-02,,3.50E-01,0,0.09009
108,3.70E-01,9.01E-02,1.00E-02,,3.70E-01,0,0.09009
109,4.30E-01,9.01E-02,5.00E-03,,4.30E-01,0.09009,0
110,4.71E-01,9.01E-02,1.00E-02,,4.71E-01,0,0.09009
111,4.91E-01,9.01E-02,1.00E-02,,4.91E-01,0,0.09009
112,5.11E-01,9.01E-02,5.00E-03,,5.11E-01,0.09009,0
113,5.31E-01,9.01E-02,1.00E-02,,5.31E-01,0,0.09009
114,5.51E-01,9.01E-02,1.00E-02,,5.51E-01,0,0.09009
115,5.91E-01,9.01E-02,1.00E-02,,5.91E-01,0,0.09009
116,2.00E-02,1.10E-01,5.00E-03,,2.00E-02,0.1101,0
117,6.01E-02,1.10E-01,1.00E-02,,6.01E-02,0,0.1101
118,8.01E-02,1.10E-01,5.00E-03,,8.01E-02,0.1101,0
119,1.40E-01,1.10E-01,1.00E-02,,1.40E-01,0,0.1101
120,1.80E-01,1.10E-01,5.00E-03,,1.80E-01,0.1101,0
121,2.00E-01,1.10E-01,5.00E-03,,2.00E-01,0.1101,0
122,2.40E-01,1.10E-01,5.00E-03,,2.40E-01,0.1101,0
123,2.60E-01,1.10E-01,5.00E-03,,2.60E-01,0.1101,0
124,2.80E-01,1.10E-01,5.00E-03,,2.80E-01,0.1101,0
125,3.20E-01,1.10E-01,5.00E-03,,3.20E-01,0.1101,0
126,3.40E-01,1.10E-01,5.00E-03,,3.40E-01,0.1101,0
127,3.60E-01,1.10E-01,1.00E-02,,3.60E-01,0,0.1101
128,4.00E-01,1.10E-01,1.00E-02,,4.00E-01,0,0.1101
129,4.20E-01,1.10E-01,5.00E-03,,4.20E-01,0.1101,0
130,4.61E-01,1.10E-01,1.00E-02,,4.61E-01,0,0.1101
131,4.81E-01,1.10E-01,1.00E-02,,4.81E-01,0,0.1101
132,5.01E-01,1.10E-01,5.00E-03,,5.01E-01,0.1101,0
133,5.21E-01,1.10E-01,5.00E-03,,5.21E-01,0.1101,0
134,5.41E-01,1.10E-01,5.00E-03,,5.41E-01,0.1101,0
135,1.00E-02,1.30E-01,1.00E-02,,1.00E-02,0,0.1301
136,7.01E-02,1.30E-01,1.00E-02,,7.01E-02,0,0.1301
137,9.01E-02,1.30E-01,1.00E-02,,9.01E-02,0,0.1301
138,1.10E-01,1.30E-01,1.00E-02,,1.10E-01,0,0.1301
139,1.30E-01,1.30E-01,5.00E-03,,1.30E-01,0.1301,0
140,1.50E-01,1.30E-01,1.00E-02,,1.50E-01,0,0.1301
141,2.10E-01,1.30E-01,1.00E-02,,2.10E-01,0,0.1301
142,2.30E-01,1.30E-01,1.00E-02,,2.30E-01,0,0.1301
143,2.50E-01,1.30E-01,5.00E-03,,2.50E-01,0.1301,0
144,2.70E-01,1.30E-01,1.00E-02,,2.70E-01,0,0.1301
145,2.90E-01,1.30E-01,1.00E-02,,2.90E-01,0,0.1301
146,3.10E-01,1.30E-01,1.00E-02,,3.10E-01,0,0.1301
147,3.30E-01,1.30E-01,1.00E-02,,3.30E-01,0,0.1301
148,3.70E-01,1.30E-01,5.00E-03,,3.70E-01,0.1301,0
149,3.90E-01,1.30E-01,1.00E-02,,3.90E-01,0,0.1301
150,4.10E-01,1.30E-01,1.00E-02,,4.10E-01,0,0.1301
151,4.30E-01,1.30E-01,1.00E-02,,4.30E-01,0,0.1301
152,4.51E-01,1.30E-01,1.00E-02,,4.51E-01,0,0.1301
153,5.11E-01,1.30E-01,1.00E-02,,5.11E-01,0,0.1301
154,5.31E-01,1.30E-01,1.00E-02,,5.31E-01,0,0.1301
155,5.51E-01,1.30E-01,5.00E-03,,5.51E-01,0.1301,0
156,5.71E-01,1.30E-01,5.00E-03,,5.71E-01,0.1301,0
157,5.91E-01,1.30E-01,5.00E-03,,5.91E-01,0.1301,0
158,2.00E-02,1.50E-01,5.00E-03,,2.00E-02,0.1501,0
159,4.00E-02,1.50E-01,1.00E-02,,4.00E-02,0,0.1501
160,8.01E-02,1.50E-01,5.00E-03,,8.01E-02,0.1501,0
161,1.00E-01,1.50E-01,5.00E-03,,1.00E-01,0.1501,0
162,1.20E-01,1.50E-01,5.00E-03,,1.20E-01,0.1501,0
163,1.40E-01,1.50E-01,5.00E-03,,1.40E-01,0.1501,0
164,1.60E-01,1.50E-01,5.00E-03,,1.60E-01,0.1501,0
165,1.80E-01,1.50E-01,1.00E-02,,1.80E-01,0,0.1501
166,2.00E-01,1.50E-01,5.00E-03,,2.00E-01,0.1501,0
167,2.20E-01,1.50E-01,5.00E-03,,2.20E-01,0.1501,0
168,2.60E-01,1.50E-01,5.00E-03,,2.60E-01,0.1501,0
169,2.80E-01,1.50E-01,5.00E-03,,2.80E-01,0.1501,0
170,3.00E-01,1.50E-01,5.00E-03,,3.00E-01,0.1501,0
171,3.20E-01,1.50E-01,5.00E-03,,3.20E-01,0.1501,0
172,3.40E-01,1.50E-01,1.00E-02,,3.40E-01,0,0.1501
173,3.60E-01,1.50E-01,5.00E-03,,3.60E-01,0.1501,0
174,3.80E-01,1.50E-01,1.00E-02,,3.80E-01,0,0.1501
175,4.00E-01,1.50E-01,5.00E-03,,4.00E-01,0.1501,0
176,4.40E-01,1.50E-01,1.00E-02,,4.40E-01,0,0.1501
177,5.21E-01,1.50E-01,5.00E-03,,5.21E-01,0.1501,0
178,5.41E-01,1.50E-01,1.00E-02,,5.41E-01,0,0.1501
179,5.61E-01,1.50E-01,5.00E-03,,5.61E-01,0.1501,0
180,5.81E-01,1.50E-01,5.00E-03,,5.81E-01,0.1501,0
181,1.00E-02,1.70E-01,5.00E-03,,1.00E-02,0.1702,0
182,3.00E-02,1.70E-01,1.00E-02,,3.00E-02,0,0.1702
183,7.01E-02,1.70E-01,1.00E-02,,7.01E-02,0,0.1702
184,9.01E-02,1.70E-01,1.00E-02,,9.01E-02,0,0.1702
185,1.10E-01,1.70E-01,1.00E-02,,1.10E-01,0,0.1702
186,1.70E-01,1.70E-01,1.00E-02,,1.70E-01,0,0.1702
187,1.90E-01,1.70E-01,5.00E-03,,1.90E-01,0.1702,0
188,2.30E-01,1.70E-01,1.00E-02,,2.30E-01,0,0.1702
189,2.50E-01,1.70E-01,5.00E-03,,2.50E-01,0.1702,0
190,2.70E-01,1.70E-01,1.00E-02,,2.70E-01,0,0.1702
191,2.90E-01,1.70E-01,5.00E-03,,2.90E-01,0.1702,0
192,3.10E-01,1.70E-01,5.00E-03,,3.10E-01,0.1702,0
193,3.50E-01,1.70E-01,1.00E-02,,3.50E-01,0,0.1702
194,3.70E-01,1.70E-01,1.00E-02,,3.70E-01,0,0.1702
195,3.90E-01,1.70E-01,1.00E-02,,3.90E-01,0,0.1702
196,4.10E-01,1.70E-01,1.00E-02,,4.10E-01,0,0.1702
197,4.30E-01,1.70E-01,1.00E-02,,4.30E-01,0,0.1702
198,4.51E-01,1.70E-01,1.00E-02,,4.51E-01,0,0.1702
199,4.91E-01,1.70E-01,1.00E-02,,4.91E-01,0,0.1702
200,5.11E-01,1.70E-01,5.00E-03,,5.11E-01,0.1702,0
201,5.51E-01,1.70E-01,5.00E-03,,5.51E-01,0.1702,0
202,5.71E-01,1.70E-01,1.00E-02,,5.71E-01,0,0.1702
203,2.00E-02,1.90E-01,1.00E-02,,2.00E-02,0,0.1902
204,4.00E-02,1.90E-01,1.00E-02,,4.00E-02,0,0.1902
205,6.01E-02,1.90E-01,1.00E-02,,6.01E-02,0,0.1902
206,1.20E-01,1.90E-01,1.00E-02,,1.20E-01,0,0.1902
207,1.40E-01,1.90E-01,1.00E-02,,1.40E-01,0,0.1902
208,1.60E-01,1.90E-01,5.00E-03,,1.60E-01,0.1902,0
209,1.80E-01,1.90E-01,5.00E-03,,1.80E-01,0.1902,0
210,2.00E-01,1.90E-01,5.00E-03,,2.00E-01,0.1902,0
211,2.20E-01,1.90E-01,5.00E-03,,2.20E-01,0.1902,0
212,2.40E-01,1.90E-01,1.00E-02,,2.40E-01,0,0.1902
213,2.60E-01,1.90E-01,1.00E-02,,2.60E-01,0,0.1902
214,2.80E-01,1.90E-01,5.00E-03,,2.80E-01,0.1902,0
215,3.40E-01,1.90E-01,5.00E-03,,3.40E-01,0.1902,0
216,4.00E-01,1.90E-01,1.00E-02,,4.00E-01,0,0.1902
217,4.20E-01,1.90E-01,1.00E-02,,4.20E-01,0,0.1902
218,4.61E-01,1.90E-01,5.00E-03,,4.61E-01,0.1902,0
219,4.81E-01,1.90E-01,5.00E-03,,4.81E-01,0.1902,0
220,5.01E-01,1.90E-01,5.00E-03,,5.01E-01,0.1902,0
221,5.21E-01,1.90E-01,5.00E-03,,5.21E-01,0.1902,0
222,5.41E-01,1.90E-01,1.00E-02,,5.41E-01,0,0.1902
223,5.61E-01,1.90E-01,1.00E-02,,5.61E-01,0,0.1902
224,5.81E-01,1.90E-01,5.00E-03,,5.81E-01,0.1902,0
225,3.00E-02,2.10E-01,1.00E-02,,3.00E-02,0,0.2102
226,9.01E-02,2.10E-01,5.00E-03,,9.01E-02,0.2102,0
227,1.10E-01,2.10E-01,1.00E-02,,1.10E-01,0,0.2102
228,1.30E-01,2.10E-01,1.00E-02,,1.30E-01,0,0.2102
229,1.50E-01,2.10E-01,5.00E-03,,1.50E-01,0.2102,0
230,1.70E-01,2.10E-01,1.00E-02,,1.70E-01,0,0.2102
231,1.90E-01,2.10E-01,1.00E-02,,1.90E-01,0,0.2102
232,2.30E-01,2.10E-01,1.00E-02,,2.30E-01,0,0.2102
233,2.50E-01,2.10E-01,5.00E-03,,2.50E-01,0.2102,0
234,2.70E-01,2.10E-01,5.00E-03,,2.70E-01,0.2102,0
235,2.90E-01,2.10E-01,5.00E-03,,2.90E-01,0.2102,0
236,3.50E-01,2.10E-01,5.00E-03,,3.50E-01,0.2102,0
237,3.70E-01,2.10E-01,1.00E-02,,3.70E-01,0,0.2102
238,3.90E-01,2.10E-01,1.00E-02,,3.90E-01,0,0.2102
239,4.10E-01,2.10E-01,5.00E-03,,4.10E-01,0.2102,0
240,4.30E-01,2.10E-01,1.00E-02,,4.30E-01,0,0.2102
241,4.51E-01,2.10E-01,1.00E-02,,4.51E-01,0,0.2102
242,4.91E-01,2.10E-01,1.00E-02,,4.91E-01,0,0.2102
243,5.11E-01,2.10E-01,5.00E-03,,5.11E-01,0.2102,0
244,5.31E-01,2.10E-01,5.00E-03,,5.31E-01,0.2102,0
245,5.51E-01,2.10E-01,1.00E-02,,5.51E-01,0,0.2102
246,5.91E-01,2.10E-01,5.00E-03,,5.91E-01,0.2102,0
247,2.00E-02,2.30E-01,5.00E-03,,2.00E-02,0.2302,0
248,4.00E-02,2.30E-01,5.00E-03,,4.00E-02,0.2302,0
249,8.01E-02,2.30E-01,5.00E-03,,8.01E-02,0.2302,0
250,1.00E-01,2.30E-01,1.00E-02,,1.00E-01,0,0.2302
251,1.20E-01,2.30E-01,5.00E-03,,1.20E-01,0.2302,0
252,1.40E-01,2.30E-01,5.00E-03,,1.40E-01,0.2302,0
253,1.60E-01,2.30E-01,1.00E-02,,1.60E-01,0,0.2302
254,2.00E-01,2.30E-01,1.00E-02,,2.00E-01,0,0.2302
255,2.20E-01,2.30E-01,5.00E-03,,2.20E-01,0.2302,0
256,2.40E-01,2.30E-01,5.00E-03,,2.40E-01,0.2302,0
257,2.60E-01,2.30E-01,5.00E-03,,2.60E-01,0.2302,0
258,3.00E-01,2.30E-01,1.00E-02,,3.00E-01,0,0.2302
259,3.20E-01,2.30E-01,1.00E-02,,3.20E-01,0,0.2302
260,3.40E-01,2.30E-01,5.00E-03,,3.40E-01,0.2302,0
261,3.60E-01,2.30E-01,5.00E-03,,3.60E-01,0.2302,0
262,3.80E-01,2.30E-01,1.00E-02,,3.80E-01,0,0.2302
263,4.00E-01,2.30E-01,5.00E-03,,4.00E-01,0.2302,0
264,4.20E-01,2.30E-01,5.00E-03,,4.20E-01,0.2302,0
265,4.40E-01,2.30E-01,1.00E-02,,4.40E-01,0,0.2302
266,4.61E-01,2.30E-01,5.00E-03,,4.61E-01,0.2302,0
267,4.81E-01,2.30E-01,1.00E-02,,4.81E-01,0,0.2302
268,5.01E-01,2.30E-01,1.00E-02,,5.01E-01,0,0.2302
269,5.21E-01,2.30E-01,5.00E-03,,5.21E-01,0.2302,0
270,5.41E-01,2.30E-01,5.00E-03,,5.41E-01,0.2302,0
271,5.81E-01,2.30E-01,5.00E-03,,5.81E-01,0.2302,0
272,3.00E-02,2.50E-01,1.00E-02,,3.00E-02,0,0.2503
273,7.01E-02,2.50E-01,1.00E-02,,7.01E-02,0,0.2503
274,9.01E-02,2.50E-01,1.00E-02,,9.01E-02,0,0.2503
275,1.10E-01,2.50E-01,1.00E-02,,1.10E-01,0,0.2503
276,1.30E-01,2.50E-01,5.00E-03,,1.30E-01,0.2503,0
277,1.50E-01,2.50E-01,5.00E-03,,1.50E-01,0.2503,0
278,1.70E-01,2.50E-01,5.00E-03,,1.70E-01,0.2503,0
279,1.90E-01,2.50E-01,1.00E-02,,1.90E-01,0,0.2503
280,2.10E-01,2.50E-01,5.00E-03,,2.10E-01,0.2503,0
281,2.30E-01,2.50E-01,5.00E-03,,2.30E-01,0.2503,0
282,2.50E-01,2.50E-01,1.00E-02,,2.50E-01,0,0.2503
283,2.70E-01,2.50E-01,1.00E-02,,2.70E-01,0,0.2503
284,3.10E-01,2.50E-01,1.00E-02,,3.10E-01,0,0.2503
285,3.30E-01,2.50E-01,1.00E-02,,3.30E-01,0,0.2503
286,3.90E-01,2.50E-01,5.00E-03,,3.90E-01,0.2503,0
287,4.51E-01,2.50E-01,5.00E-03,,4.51E-01,0.2503,0
288,4.71E-01,2.50E-01,1.00E-02,,4.71E-01,0,0.2503
289,4.91E-01,2.50E-01,5.00E-03,,4.91E-01,0.2503,0
290,5.11E-01,2.50E-01,1.00E-02,,5.11E-01,0,0.2503
291,5.31E-01,2.50E-01,5.00E-03,,5.31E-01,0.2503,0
292,5.51E-01,2.50E-01,1.00E-02,,5.51E-01,0,0.2503
293,5.71E-01,2.50E-01,5.00E-03,,5.71E-01,0.2503,0
294,5.91E-01,2.50E-01,5.00E-03,,5.91E-01,0.2503,0
295,2.00E-02,2.70E-01,5.00E-03,,2.00E-02,0.2703,0
296,4.00E-02,2.70E-01,1.00E-02,,4.00E-02,0,0.2703
297,6.01E-02,2.70E-01,5.00E-03,,6.01E-02,0.2703,0
298,8.01E-02,2.70E-01,1.00E-02,,8.01E-02,0,0.2703
299,1.00E-01,2.70E-01,5.00E-03,,1.00E-01,0.2703,0
300,1.40E-01,2.70E-01,5.00E-03,,1.40E-01,0.2703,0
301,1.60E-01,2.70E-01,1.00E-02,,1.60E-01,0,0.2703
302,1.80E-01,2.70E-01,5.00E-03,,1.80E-01,0.2703,0
303,2.00E-01,2.70E-01,1.00E-02,,2.00E-01,0,0.2703
304,2.20E-01,2.70E-01,1.00E-02,,2.20E-01,0,0.2703
305,2.60E-01,2.70E-01,1.00E-02,,2.60E-01,0,0.2703
306,2.80E-01,2.70E-01,5.00E-03,,2.80E-01,0.2703,0
307,3.00E-01,2.70E-01,5.00E-03,,3.00E-01,0.2703,0
308,3.20E-01,2.70E-01,1.00E-02,,3.20E-01,0,0.2703
309,3.40E-01,2.70E-01,1.00E-02,,3.40E-01,0,0.2703
310,3.80E-01,2.70E-01,1.00E-02,,3.80E-01,0,0.2703
311,4.00E-01,2.70E-01,5.00E-03,,4.00E-01,0.2703,0
312,4.20E-01,2.70E-01,1.00E-02,,4.20E-01,0,0.2703
313,4.40E-01,2.70E-01,5.00E-03,,4.40E-01,0.2703,0
314,4.61E-01,2.70E-01,1.00E-02,,4.61E-01,0,0.2703
315,4.81E-01,2.70E-01,5.00E-03,,4.81E-01,0.2703,0
316,5.01E-01,2.70E-01,1.00E-02,,5.01E-01,0,0.2703
317,5.21E-01,2.70E-01,5.00E-03,,5.21E-01,0.2703,0
318,5.41E-01,2.70E-01,1.00E-02,,5.41E-01,0,0.2703
319,5.61E-01,2.70E-01,5.00E-03,,5.61E-01,0.2703,0
320,5.81E-01,2.70E-01,5.00E-03,,5.81E-01,0.2703,0
321,1.00E-02,2.90E-01,5.00E-03,,1.00E-02,0.2903,0
322,5.01E-02,2.90E-01,5.00E-03,,5.01E-02,0.2903,0
323,7.01E-02,2.90E-01,1.00E-02,,7.01E-02,0,0.2903
324,9.01E-02,2.90E-01,5.00E-03,,9.01E-02,0.2903,0
325,1.10E-01,2.90E-01,5.00E-03,,1.10E-01,0.2903,0
326,1.30E-01,2.90E-01,5.00E-03,,1.30E-01,0.2903,0
327,1.50E-01,2.90E-01,1.00E-02,,1.50E-01,0,0.2903
328,1.70E-01,2.90E-01,5.00E-03,,1.70E-01,0.2903,0
329,2.10E-01,2.90E-01,1.00E-02,,2.10E-01,0,0.2903
330,2.50E-01,2.90E-01,1.00E-02,,2.50E-01,0,0.2903
331,2.70E-01,2.90E-01,5.00E-03,,2.70E-01,0.2903,0
332,2.90E-01,2.90E-01,1.00E-02,,2.90E-01,0,0.2903
333,3.10E-01,2.90E-01,5.00E-03,,3.10E-01,0.2903,0
334,3.30E-01,2.90E-01,5.00E-03,,3.30E-01,0.2903,0
335,3.50E-01,2.90E-01,5.00E-03,,3.50E-01,0.2903,0
336,3.70E-01,2.90E-01,1.00E-02,,3.70E-01,0,0.2903
337,3.90E-01,2.90E-01,1.00E-02,,3.90E-01,0,0.2903
338,4.10E-01,2.90E-01,5.00E-03,,4.10E-01,0.2903,0
339,4.30E-01,2.90E-01,5.00E-03,,4.30E-01,0.2903,0
340,4.51E-01,2.90E-01,5.00E-03,,4.51E-01,0.2903,0
341,5.11E-01,2.90E-01,1.00E-02,,5.11E-01,0,0.2903
342,5.31E-01,2.90E-01,1.00E-02,,5.31E-01,0,0.2903
343,5.51E-01,2.90E-01,5.00E-03,,5.51E-01,0.2903,0
344,5.71E-01,2.90E-01,1.00E-02,,5.71E-01,0,0.2903
345,2.00E-02,3.10E-01,1.00E-02,,2.00E-02,0,0.3103
346,6.01E-02,3.10E-01,5.00E-03,,6.01E-02,0.3103,0
347,8.01E-02,3.10E-01,5.00E-03,,8.01E-02,0.3103,0
348,1.00E-01,3.10E-01,5.00E-03,,1.00E-01,0.3103,0
349,1.20E-01,3.10E-01,5.00E-03,,1.20E-01,0.3103,0
350,1.40E-01,3.10E-01,5.00E-03,,1.40E-01,0.3103,0
351,1.60E-01,3.10E-01,1.00E-02,,1.60E-01,0,0.3103
352,1.80E-01,3.10E-01,1.00E-02,,1.80E-01,0,0.3103
353,2.00E-01,3.10E-01,5.00E-03,,2.00E-01,0.3103,0
354,2.20E-01,3.10E-01,1.00E-02,,2.20E-01,0,0.3103
355,2.40E-01,3.10E-01,5.00E-03,,2.40E-01,0.3103,0
356,2.60E-01,3.10E-01,5.00E-03,,2.60E-01,0.3103,0
357,2.80E-01,3.10E-01,5.00E-03,,2.80E-01,0.3103,0
358,3.00E-01,3.10E-01,1.00E-02,,3.00E-01,0,0.3103
359,3.20E-01,3.10E-01,5.00E-03,,3.20E-01,0.3103,0
360,3.60E-01,3.10E-01,1.00E-02,,3.60E-01,0,0.3103
361,3.80E-01,3.10E-01,1.00E-02,,3.80E-01,0,0.3103
362,4.00E-01,3.10E-01,1.00E-02,,4.00E-01,0,0.3103
363,4.20E-01,3.10E-01,5.00E-03,,4.20E-01,0.3103,0
364,4.40E-01,3.10E-01,1.00E-02,,4.40E-01,0,0.3103
365,4.61E-01,3.10E-01,1.00E-02,,4.61E-01,0,0.3103
366,4.81E-01,3.10E-01,5.00E-03,,4.81E-01,0.3103,0
367,5.21E-01,3.10E-01,5.00E-03,,5.21E-01,0.3103,0
368,5.41E-01,3.10E-01,1.00E-02,,5.41E-01,0,0.3103
369,5.61E-01,3.10E-01,1.00E-02,,5.61E-01,0,0.3103
370,5.81E-01,3.10E-01,1.00E-02,,5.81E-01,0,0.3103
371,3.00E-02,3.30E-01,5.00E-03,,3.00E-02,0.3303,0
372,5.01E-02,3.30E-01,1.00E-02,,5.01E-02,0,0.3303
373,7.01E-02,3.30E-01,1.00E-02,,7.01E-02,0,0.3303
374,1.10E-01,3.30E-01,1.00E-02,,1.10E-01,0,0.3303
375,1.30E-01,3.30E-01,1.00E-02,,1.30E-01,0,0.3303
376,1.70E-01,3.30E-01,1.00E-02,,1.70E-01,0,0.3303
377,1.90E-01,3.30E-01,5.00E-03,,1.90E-01,0.3303,0
378,2.10E-01,3.30E-01,1.00E-02,,2.10E-01,0,0.3303
379,2.30E-01,3.30E-01,5.00E-03,,2.30E-01,0.3303,0
380,2.90E-01,3.30E-01,5.00E-03,,2.90E-01,0.3303,0
381,3.10E-01,3.30E-01,1.00E-02,,3.10E-01,0,0.3303
382,3.30E-01,3.30E-01,1.00E-02,,3.30E-01,0,0.3303
383,3.70E-01,3.30E-01,1.00E-02,,3.70E-01,0,0.3303
384,3.90E-01,3.30E-01,1.00E-02,,3.90E-01,0,0.3303
385,4.10E-01,3.30E-01,5.00E-03,,4.10E-01,0.3303,0
386,4.30E-01,3.30E-01,1.00E-02,,4.30E-01,0,0.3303
387,4.71E-01,3.30E-01,5.00E-03,,4.71E-01,0.3303,0
388,4.91E-01,3.30E-01,5.00E-03,,4.91E-01,0.3303,0
389,5.11E-01,3.30E-01,1.00E-02,,5.11E-01,0,0.3303
390,5.51E-01,3.30E-01,1.00E-02,,5.51E-01,0,0.3303
391,2.00E-02,3.50E-01,1.00E-02,,2.00E-02,0,0.3503
392,6.01E-02,3.50E-01,1.00E-02,,6.01E-02,0,0.3503
393,8.01E-02,3.50E-01,5.00E-03,,8.01E-02,0.3503,0
394,1.00E-01,3.50E-01,5.00E-03,,1.00E-01,0.3503,0
395,1.20E-01,3.50E-01,5.00E-03,,1.20E-01,0.3503,0
396,1.40E-01,3.50E-01,1.00E-02,,1.40E-01,0,0.3503
397,1.60E-01,3.50E-01,5.00E-03,,1.60E-01,0.3503,0
398,1.80E-01,3.50E-01,5.00E-03,,1.80E-01,0.3503,0
399,2.00E-01,3.50E-01,1.00E-02,,2.00E-01,0,0.3503
400,2.20E-01,3.50E-01,1.00E-02,,2.20E-01,0,0.3503
401,2.40E-01,3.50E-01,1.00E-02,,2.40E-01,0,0.3503
402,2.60E-01,3.50E-01,1.00E-02,,2.60E-01,0,0.3503
403,2.80E-01,3.50E-01,5.00E-03,,2.80E-01,0.3503,0
404,3.20E-01,3.50E-01,5.00E-03,,3.20E-01,0.3503,0
405,3.40E-01,3.50E-01,1.00E-02,,3.40E-01,0,0.3503
406,3.80E-01,3.50E-01,1.00E-02,,3.80E-01,0,0.3503
407,4.20E-01,3.50E-01,1.00E-02,,4.20E-01,0,0.3503
408,4.40E-01,3.50E-01,5.00E-03,,4.40E-01,0.3503,0
409,4.61E-01,3.50E-01,5.00E-03,,4.61E-01,0.3503,0
410,4.81E-01,3.50E-01,5.00E-03,,4.81E-01,0.3503,0
411,5.01E-01,3.50E-01,5.00E-03,,5.01E-01,0.3503,0
412,5.41E-01,3.50E-01,1.00E-02,,5.41E-01,0,0.3503
413,5.61E-01,3.50E-01,5.00E-03,,5.61E-01,0.3503,0
414,3.00E-02,3.70E-01,1.00E-02,,3.00E-02,0,0.3704
415,5.01E-02,3.70E-01,5.00E-03,,5.01E-02,0.3704,0
416,7.01E-02,3.70E-01,5.00E-03,,7.01E-02,0.3704,0
417,9.01E-02,3.70E-01,1.00E-02,,9.01E-02,0,0.3704
418,1.10E-01,3.70E-01,5.00E-03,,1.10E-01,0.3704,0
419,1.30E-01,3.70E-01,5.00E-03,,1.30E-01,0.3704,0
420,1.50E-01,3.70E-01,5.00E-03,,1.50E-01,0.3704,0
421,1.70E-01,3.70E-01,5.00E-03,,1.70E-01,0.3704,0
422,1.90E-01,3.70E-01,5.00E-03,,1.90E-01,0.3704,0
423,2.10E-01,3.70E-01,1.00E-02,,2.10E-01,0,0.3704
424,2.30E-01,3.70E-01,5.00E-03,,2.30E-01,0.3704,0
425,2.50E-01,3.70E-01,5.00E-03,,2.50E-01,0.3704,0
426,2.90E-01,3.70E-01,1.00E-02,,2.90E-01,0,0.3704
427,3.10E-01,3.70E-01,1.00E-02,,3.10E-01,0,0.3704
428,3.30E-01,3.70E-01,5.00E-03,,3.30E-01,0.3704,0
429,3.50E-01,3.70E-01,5.00E-03,,3.50E-01,0.3704,0
430,3.70E-01,3.70E-01,5.00E-03,,3.70E-01,0.3704,0
431,4.10E-01,3.70E-01,5.00E-03,,4.10E-01,0.3704,0
432,4.51E-01,3.70E-01,1.00E-02,,4.51E-01,0,0.3704
433,4.71E-01,3.70E-01,1.00E-02,,4.71E-01,0,0.3704
434,5.11E-01,3.70E-01,1.00E-02,,5.11E-01,0,0.3704
435,5.31E-01,3.70E-01,1.00E-02,,5.31E-01,0,0.3704
436,5.51E-01,3.70E-01,1.00E-02,,5.51E-01,0,0.3704
437,5.71E-01,3.70E-01,1.00E-02,,5.71E-01,0,0.3704
438,5.91E-01,3.70E-01,1.00E-02,,5.91E-01,0,0.3704
439,2.00E-02,3.90E-01,1.00E-02,,2.00E-02,0,0.3904
440,6.01E-02,3.90E-01,5.00E-03,,6.01E-02,0.3904,0
441,8.01E-02,3.90E-01,5.00E-03,,8.01E-02,0.3904,0
442,1.00E-01,3.90E-01,1.00E-02,,1.00E-01,0,0.3904
443,1.20E-01,3.90E-01,5.00E-03,,1.20E-01,0.3904,0
444,1.40E-01,3.90E-01,1.00E-02,,1.40E-01,0,0.3904
445,1.60E-01,3.90E-01,5.00E-03,,1.60E-01,0.3904,0
446,1.80E-01,3.90E-01,1.00E-02,,1.80E-01,0,0.3904
447,2.00E-01,3.90E-01,5.00E-03,,2.00E-01,0.3904,0
448,2.20E-01,3.90E-01,5.00E-03,,2.20E-01,0.3904,0
449,2.40E-01,3.90E-01,5.00E-03,,2.40E-01,0.3904,0
450,2.60E-01,3.90E-01,1.00E-02,,2.60E-01,0,0.3904
451,2.80E-01,3.90E-01,1.00E-02,,2.80E-01,0,0.3904
452,3.00E-01,3.90E-01,5.00E-03,,3.00E-01,0.3904,0
453,3.20E-01,3.90E-01,5.00E-03,,3.20E-01,0.3904,0
454,3.60E-01,3.90E-01,5.00E-03,,3.60E-01,0.3904,0
455,3.80E-01,3.90E-01,1.00E-02,,3.80E-01,0,0.3904
456,4.20E-01,3.90E-01,1.00E-02,,4.20E-01,0,0.3904
457,4.61E-01,3.90E-01,1.00E-02,,4.61E-01,0,0.3904
458,4.81E-01,3.90E-01,1.00E-02,,4.81E-01,0,0.3904
459,5.01E-01,3.90E-01,5.00E-03,,5.01E-01,0.3904,0
460,5.21E-01,3.90E-01,1.00E-02,,5.21E-01,0,0.3904
461,5.61E-01,3.90E-01,1.00E-02,,5.61E-01,0,0.3904
462,1.00E-02,4.10E-01,1.00E-02,,1.00E-02,0,0.4104
463,3.00E-02,4.10E-01,5.00E-03,,3.00E-02,0.4104,0
464,5.01E-02,4.10E-01,1.00E-02,,5.01E-02,0,0.4104
465,7.01E-02,4.10E-01,5.00E-03,,7.01E-02,0.4104,0
466,1.10E-01,4.10E-01,5.00E-03,,1.10E-01,0.4104,0
467,1.30E-01,4.10E-01,1.00E-02,,1.30E-01,0,0.4104
468,1.70E-01,4.10E-01,1.00E-02,,1.70E-01,0,0.4104
469,1.90E-01,4.10E-01,5.00E-03,,1.90E-01,0.4104,0
470,2.10E-01,4.10E-01,5.00E-03,,2.10E-01,0.4104,0
471,2.30E-01,4.10E-01,1.00E-02,,2.30E-01,0,0.4104
472,2.50E-01,4.10E-01,1.00E-02,,2.50E-01,0,0.4104
473,2.90E-01,4.10E-01,1.00E-02,,2.90E-01,0,0.4104
474,3.10E-01,4.10E-01,1.00E-02,,3.10E-01,0,0.4104
475,3.30E-01,4.10E-01,5.00E-03,,3.30E-01,0.4104,0
476,3.50E-01,4.10E-01,5.00E-03,,3.50E-01,0.4104,0
477,3.70E-01,4.10E-01,5.00E-03,,3.70E-01,0.4104,0
478,3.90E-01,4.10E-01,1.00E-02,,3.90E-01,0,0.4104
479,4.10E-01,4.10E-01,1.00E-02,,4.10E-01,0,0.4104
480,4.30E-01,4.10E-01,1.00E-02,,4.30E-01,0,0.4104
481,4.51E-01,4.10E-01,5.00E-03,,4.51E-01,0.4104,0
482,4.91E-01,4.10E-01,5.00E-03,,4.91E-01,0.4104,0
483,5.11E-01,4.10E-01,1.00E-02,,5.11E-01,0,0.4104
484,5.31E-01,4.10E-01,1.00E-02,,5.31E-01,0,0.4104
485,5.71E-01,4.10E-01,1.00E-02,,5.71E-01,0,0.4104
486,2.00E-02,4.30E-01,1.00E-02,,2.00E-02,0,0.4304
487,4.00E-02,4.30E-01,1.00E-02,,4.00E-02,0,0.4304
488,6.01E-02,4.30E-01,5.00E-03,,6.01E-02,0.4304,0
489,1.00E-01,4.30E-01,5.00E-03,,1.00E-01,0.4304,0
490,1.20E-01,4.30E-01,5.00E-03,,1.20E-01,0.4304,0
491,1.40E-01,4.30E-01,5.00E-03,,1.40E-01,0.4304,0
492,1.60E-01,4.30E-01,1.00E-02,,1.60E-01,0,0.4304
493,1.80E-01,4.30E-01,1.00E-02,,1.80E-01,0,0.4304
494,2.20E-01,4.30E-01,5.00E-03,,2.20E-01,0.4304,0
495,2.60E-01,4.30E-01,5.00E-03,,2.60E-01,0.4304,0
496,2.80E-01,4.30E-01,5.00E-03,,2.80E-01,0.4304,0
497,3.00E-01,4.30E-01,5.00E-03,,3.00E-01,0.4304,0
498,3.20E-01,4.30E-01,1.00E-02,,3.20E-01,0,0.4304
499,3.40E-01,4.30E-01,1.00E-02,,3.40E-01,0,0.4304
500,3.60E-01,4.30E-01,1.00E-02,,3.60E-01,0,0.4304
501,4.00E-01,4.30E-01,5.00E-03,,4.00E-01,0.4304,0
502,4.20E-01,4.30E-01,5.00E-03,,4.20E-01,0.4304,0
503,4.61E-01,4.30E-01,5.00E-03,,4.61E-01,0.4304,0
504,4.81E-01,4.30E-01,5.00E-03,,4.81E-01,0.4304,0
505,5.01E-01,4.30E-01,1.00E-02,,5.01E-01,0,0.4304
506,5.21E-01,4.30E-01,1.00E-02,,5.21E-01,0,0.4304
507,5.41E-01,4.30E-01,1.00E-02,,5.41E-01,0,0.4304
508,5.61E-01,4.30E-01,5.00E-03,,5.61E-01,0.4304,0
509,5.81E-01,4.30E-01,5.00E-03,,5.81E-01,0.4304,0
510,1.00E-02,4.51E-01,1.00E-02,,1.00E-02,0,0.4505
511,3.00E-02,4.51E-01,5.00E-03,,3.00E-02,0.4505,0
512,9.01E-02,4.51E-01,1.00E-02,,9.01E-02,0,0.4505
513,1.10E-01,4.51E-01,5.00E-03,,1.10E-01,0.4505,0
514,1.30E-01,4.51E-01,1.00E-02,,1.30E-01,0,0.4505
515,1.50E-01,4.51E-01,1.00E-02,,1.50E-01,0,0.4505
516,1.70E-01,4.51E-01,1.00E-02,,1.70E-01,0,0.4505
517,2.10E-01,4.51E-01,5.00E-03,,2.10E-01,0.4505,0
518,2.30E-01,4.51E-01,1.00E-02,,2.30E-01,0,0.4505
519,2.50E-01,4.51E-01,5.00E-03,,2.50E-01,0.4505,0
520,2.90E-01,4.51E-01,5.00E-03,,2.90E-01,0.4505,0
521,3.10E-01,4.51E-01,5.00E-03,,3.10E-01,0.4505,0
522,3.50E-01,4.51E-01,1.00E-02,,3.50E-01,0,0.4505
523,3.70E-01,4.51E-01,5.00E-03,,3.70E-01,0.4505,0
524,3.90E-01,4.51E-01,1.00E-02,,3.90E-01,0,0.4505
525,4.10E-01,4.51E-01,1.00E-02,,4.10E-01,0,0.4505
526,4.51E-01,4.51E-01,1.00E-02,,4.51E-01,0,0.4505
527,4.91E-01,4.51E-01,1.00E-02,,4.91E-01,0,0.4505
528,5.51E-01,4.51E-01,5.00E-03,,5.51E-01,0.4505,0
529,5.71E-01,4.51E-01,1.00E-02,,5.71E-01,0,0.4505
530,2.00E-02,4.71E-01,5.00E-03,,2.00E-02,0.4705,0
531,4.00E-02,4.71E-01,1.00E-02,,4.00E-02,0,0.4705
532,8.01E-02,4.71E-01,1.00E-02,,8.01E-02,0,0.4705
533,1.00E-01,4.71E-01,5.00E-03,,1.00E-01,0.4705,0
534,1.20E-01,4.71E-01,5.00E-03,,1.20E-01,0.4705,0
535,1.60E-01,4.71E-01,1.00E-02,,1.60E-01,0,0.4705
536,1.80E-01,4.71E-01,1.00E-02,,1.80E-01,0,0.4705
537,2.20E-01,4.71E-01,1.00E-02,,2.20E-01,0,0.4705
538,2.40E-01,4.71E-01,1.00E-02,,2.40E-01,0,0.4705
539,2.60E-01,4.71E-01,5.00E-03,,2.60E-01,0.4705,0
540,2.80E-01,4.71E-01,5.00E-03,,2.80E-01,0.4705,0
541,3.00E-01,4.71E-01,1.00E-02,,3.00E-01,0,0.4705
542,3.20E-01,4.71E-01,1.00E-02,,3.20E-01,0,0.4705
543,3.40E-01,4.71E-01,5.00E-03,,3.40E-01,0.4705,0
544,3.60E-01,4.71E-01,5.00E-03,,3.60E-01,0.4705,0
545,3.80E-01,4.71E-01,1.00E-02,,3.80E-01,0,0.4705
546,4.00E-01,4.71E-01,1.00E-02,,4.00E-01,0,0.4705
547,4.40E-01,4.71E-01,5.00E-03,,4.40E-01,0.4705,0
548,4.61E-01,4.71E-01,1.00E-02,,4.61E-01,0,0.4705
549,4.81E-01,4.71E-01,5.00E-03,,4.81E-01,0.4705,0
550,5.01E-01,4.71E-01,1.00E-02,,5.01E-01,0,0.4705
551,5.21E-01,4.71E-01,1.00E-02,,5.21E-01,0,0.4705
552,5.61E-01,4.71E-01,5.00E-03,,5.61E-01,0.4705,0
553,5.81E-01,4.71E-01,5.00E-03,,5.81E-01,0.4705,0
554,1.00E-02,4.91E-01,1.00E-02,,1.00E-02,0,0.4905
555,3.00E-02,4.91E-01,1.00E-02,,3.00E-02,0,0.4905
556,5.01E-02,4.91E-01,1.00E-02,,5.01E-02,0,0.4905
557,7.01E-02,4.91E-01,5.00E-03,,7.01E-02,0.4905,0
558,9.01E-02,4.91E-01,5.00E-03,,9.01E-02,0.4905,0
559,1.10E-01,4.91E-01,1.00E-02,,1.10E-01,0,0.4905
560,1.30E-01,4.91E-01,5.00E-03,,1.30E-01,0.4905,0
561,1.50E-01,4.91E-01,1.00E-02,,1.50E-01,0,0.4905
562,1.70E-01,4.91E-01,1.00E-02,,1.70E-01,0,0.4905
563,1.90E-01,4.91E-01,5.00E-03,,1.90E-01,0.4905,0
564,2.10E-01,4.91E-01,1.00E-02,,2.10E-01,0,0.4905
565,2.30E-01,4.91E-01,1.00E-02,,2.30E-01,0,0.4905
566,2.50E-01,4.91E-01,1.00E-02,,2.50E-01,0,0.4905
567,2.70E-01,4.91E-01,1.00E-02,,2.70E-01,0,0.4905
568,2.90E-01,4.91E-01,5.00E-03,,2.90E-01,0.4905,0
569,3.10E-01,4.91E-01,1.00E-02,,3.10E-01,0,0.4905
570,3.30E-01,4.91E-01,1.00E-02,,3.30E-01,0,0.4905
571,3.70E-01,4.91E-01,5.00E-03,,3.70E-01,0.4905,0
572,3.90E-01,4.91E-01,5.00E-03,,3.90E-01,0.4905,0
573,4.30E-01,4.91E-01,5.00E-03,,4.30E-01,0.4905,0
574,4.51E-01,4.91E-01,5.00E-03,,4.51E-01,0.4905,0
575,4.71E-01,4.91E-01,5.00E-03,,4.71E-01,0.4905,0
576,5.11E-01,4.91E-01,5.00E-03,,5.11E-01,0.4905,0
577,5.31E-01,4.91E-01,5.00E-03,,5.31E-01,0.4905,0
578,5.51E-01,4.91E-01,5.00E-03,,5.51E-01,0.4905,0
579,5.91E-01,4.91E-01,1.00E-02,,5.91E-01,0,0.4905
580,2.00E-02,5.11E-01,1.00E-02,,2.00E-02,0,0.5105
581,4.00E-02,5.11E-01,5.00E-03,,4.00E-02,0.5105,0
582,6.01E-02,5.11E-01,1.00E-02,,6.01E-02,0,0.5105
583,8.01E-02,5.11E-01,1.00E-02,,8.01E-02,0,0.5105
584,1.00E-01,5.11E-01,1.00E-02,,1.00E-01,0,0.5105
585,1.40E-01,5.11E-01,5.00E-03,,1.40E-01,0.5105,0
586,1.60E-01,5.11E-01,5.00E-03,,1.60E-01,0.5105,0
587,2.00E-01,5.11E-01,5.00E-03,,2.00E-01,0.5105,0
588,2.20E-01,5.11E-01,1.00E-02,,2.20E-01,0,0.5105
589,2.40E-01,5.11E-01,1.00E-02,,2.40E-01,0,0.5105
590,2.80E-01,5.11E-01,1.00E-02,,2.80E-01,0,0.5105
591,3.20E-01,5.11E-01,5.00E-03,,3.20E-01,0.5105,0
592,3.60E-01,5.11E-01,5.00E-03,,3.60E-01,0.5105,0
593,3.80E-01,5.11E-01,5.00E-03,,3.80E-01,0.5105,0
594,4.00E-01,5.11E-01,5.00E-03,,4.00E-01,0.5105,0
595,4.20E-01,5.11E-01,5.00E-03,,4.20E-01,0.5105,0
596,4.40E-01,5.11E-01,1.00E-02,,4.40E-01,0,0.5105
597,4.61E-01,5.11E-01,5.00E-03,,4.61E-01,0.5105,0
598,4.81E-01,5.11E-01,5.00E-03,,4.81E-01,0.5105,0
599,5.01E-01,5.11E-01,1.00E-02,,5.01E-01,0,0.5105
600,5.21E-01,5.11E-01,5.00E-03,,5.21E-01,0.5105,0
601,5.41E-01,5.11E-01,5.00E-03,,5.41E-01,0.5105,0
602,5.61E-01,5.11E-01,5.00E-03,,5.61E-01,0.5105,0
603,1.00E-02,5.31E-01,5.00E-03,,1.00E-02,0.5305,0
604,3.00E-02,5.31E-01,1.00E-02,,3.00E-02,0,0.5305
605,5.01E-02,5.31E-01,5.00E-03,,5.01E-02,0.5305,0
606,7.01E-02,5.31E-01,1.00E-02,,7.01E-02,0,0.5305
607,9.01E-02,5.31E-01,5.00E-03,,9.01E-02,0.5305,0
608,1.10E-01,5.31E-01,5.00E-03,,1.10E-01,0.5305,0
609,1.50E-01,5.31E-01,5.00E-03,,1.50E-01,0.5305,0
610,1.90E-01,5.31E-01,5.00E-03,,1.90E-01,0.5305,0
611,2.30E-01,5.31E-01,5.00E-03,,2.30E-01,0.5305,0
612,2.50E-01,5.31E-01,5.00E-03,,2.50E-01,0.5305,0
613,2.70E-01,5.31E-01,5.00E-03,,2.70E-01,0.5305,0
614,2.90E-01,5.31E-01,5.00E-03,,2.90E-01,0.5305,0
615,3.10E-01,5.31E-01,1.00E-02,,3.10E-01,0,0.5305
616,3.30E-01,5.31E-01,1.00E-02,,3.30E-01,0,0.5305
617,3.70E-01,5.31E-01,1.00E-02,,3.70E-01,0,0.5305
618,3.90E-01,5.31E-01,1.00E-02,,3.90E-01,0,0.5305
619,4.51E-01,5.31E-01,1.00E-02,,4.51E-01,0,0.5305
620,5.31E-01,5.31E-01,1.00E-02,,5.31E-01,0,0.5305
621,5.51E-01,5.31E-01,1.00E-02,,5.51E-01,0,0.5305
622,5.71E-01,5.31E-01,5.00E-03,,5.71E-01,0.5305,0
623,5.91E-01,5.31E-01,1.00E-02,,5.91E-01,0,0.5305
624,2.00E-02,5.51E-01,5.00E-03,,2.00E-02,0.5505,0
625,4.00E-02,5.51E-01,1.00E-02,,4.00E-02,0,0.5505
626,6.01E-02,5.51E-01,5.00E-03,,6.01E-02,0.5505,0
627,8.01E-02,5.51E-01,1.00E-02,,8.01E-02,0,0.5505
628,1.00E-01,5.51E-01,5.00E-03,,1.00E-01,0.5505,0
629,1.20E-01,5.51E-01,5.00E-03,,1.20E-01,0.5505,0
630,1.40E-01,5.51E-01,1.00E-02,,1.40E-01,0,0.5505
631,1.60E-01,5.51E-01,5.00E-03,,1.60E-01,0.5505,0
632,1.80E-01,5.51E-01,5.00E-03,,1.80E-01,0.5505,0
633,2.00E-01,5.51E-01,5.00E-03,,2.00E-01,0.5505,0
634,2.20E-01,5.51E-01,5.00E-03,,2.20E-01,0.5505,0
635,2.60E-01,5.51E-01,5.00E-03,,2.60E-01,0.5505,0
636,3.20E-01,5.51E-01,5.00E-03,,3.20E-01,0.5505,0
637,3.80E-01,5.51E-01,5.00E-03,,3.80E-01,0.5505,0
638,4.00E-01,5.51E-01,5.00E-03,,4.00E-01,0.5505,0
639,4.20E-01,5.51E-01,5.00E-03,,4.20E-01,0.5505,0
640,4.61E-01,5.51E-01,5.00E-03,,4.61E-01,0.5505,0
641,4.81E-01,5.51E-01,1.00E-02,,4.81E-01,0,0.5505
642,5.01E-01,5.51E-01,5.00E-03,,5.01E-01,0.5505,0
643,5.21E-01,5.51E-01,1.00E-02,,5.21E-01,0,0.5505
644,5.41E-01,5.51E-01,5.00E-03,,5.41E-01,0.5505,0
645,5.61E-01,5.51E-01,5.00E-03,,5.61E-01,0.5505,0
646,5.81E-01,5.51E-01,1.00E-02,,5.81E-01,0,0.5505
647,1.00E-02,5.71E-01,5.00E-03,,1.00E-02,0.5706,0
648,3.00E-02,5.71E-01,1.00E-02,,3.00E-02,0,0.5706
649,5.01E-02,5.71E-01,1.00E-02,,5.01E-02,0,0.5706
650,9.01E-02,5.71E-01,1.00E-02,,9.01E-02,0,0.5706
651,1.10E-01,5.71E-01,1.00E-02,,1.10E-01,0,0.5706
652,1.30E-01,5.71E-01,1.00E-02,,1.30E-01,0,0.5706
653,1.50E-01,5.71E-01,1.00E-02,,1.50E-01,0,0.5706
654,1.90E-01,5.71E-01,1.00E-02,,1.90E-01,0,0.5706
655,2.10E-01,5.71E-01,1.00E-02,,2.10E-01,0,0.5706
656,2.30E-01,5.71E-01,1.00E-02,,2.30E-01,0,0.5706
657,2.50E-01,5.71E-01,5.00E-03,,2.50E-01,0.5706,0
658,2.90E-01,5.71E-01,5.00E-03,,2.90E-01,0.5706,0
659,3.10E-01,5.71E-01,1.00E-02,,3.10E-01,0,0.5706
660,3.30E-01,5.71E-01,5.00E-03,,3.30E-01,0.5706,0
661,3.50E-01,5.71E-01,5.00E-03,,3.50E-01,0.5706,0
662,3.70E-01,5.71E-01,5.00E-03,,3.70E-01,0.5706,0
663,3.90E-01,5.71E-01,5.00E-03,,3.90E-01,0.5706,0
664,4.10E-01,5.71E-01,1.00E-02,,4.10E-01,0,0.5706
665,4.51E-01,5.71E-01,5.00E-03,,4.51E-01,0.5706,0
666,4.71E-01,5.71E-01,5.00E-03,,4.71E-01,0.5706,0
667,5.11E-01,5.71E-01,5.00E-03,,5.11E-01,0.5706,0
668,5.31E-01,5.71E-01,5.00E-03,,5.31E-01,0.5706,0
669,5.51E-01,5.71E-01,1.00E-02,,5.51E-01,0,0.5706
670,5.91E-01,5.71E-01,1.00E-02,,5.91E-01,0,0.5706
671,2.00E-02,5.91E-01,5.00E-03,,2.00E-02,0.5906,0
672,8.01E-02,5.91E-01,5.00E-03,,8.01E-02,0.5906,0
673,1.00E-01,5.91E-01,1.00E-02,,1.00E-01,0,0.5906
674,1.20E-01,5.91E-01,5.00E-03,,1.20E-01,0.5906,0
675,1.40E-01,5.91E-01,1.00E-02,,1.40E-01,0,0.5906
676,1.60E-01,5.91E-01,1.00E-02,,1.60E-01,0,0.5906
677,1.80E-01,5.91E-01,5.00E-03,,1.80E-01,0.5906,0
678,2.20E-01,5.91E-01,5.00E-03,,2.20E-01,0.5906,0
679,2.60E-01,5.91E-01,5.00E-03,,2.60E-01,0.5906,0
680,2.80E-01,5.91E-01,1.00E-02,,2.80E-01,0,0.5906
681,3.40E-01,5.91E-01,1.00E-02,,3.40E-01,0,0.5906
682,3.60E-01,5.91E-01,1.00E-02,,3.60E-01,0,0.5906
683,3.80E-01,5.91E-01,5.00E-03,,3.80E-01,0.5906,0
684,4.20E-01,5.91E-01,1.00E-02,,4.20E-01,0,0.5906
685,4.40E-01,5.91E-01,1.00E-02,,4.40E-01,0,0.5906
686,4.61E-01,5.91E-01,5.00E-03,,4.61E-01,0.5906,0
687,4.81E-01,5.91E-01,1.00E-02,,4.81E-01,0,0.5906
688,5.21E-01,5.91E-01,1.00E-02,,5.21E-01,0,0.5906
689,5.41E-01,5.91E-01,5.00E-03,,5.41E-01,0.5906,0
690,5.61E-01,5.91E-01,5.00E-03,,5.61E-01,0.5906,0
691,5.81E-01,5.91E-01,1.00E-02,,5.81E-01,0,0.5906
 No,X0(ini),Z0(ini),rr(ini),R=R1,X0(ini),0,0
4,7.01E-02,1.00E-02,1.00E-02,,7.01E-02,0,0.01001
11,2.10E-01,1.00E-02,1.00E-02,,2.10E-01,0,0.01001
12,2.30E-01,1.00E-02,1.00E-02,,2.30E-01,0,0.01001
14,2.70E-01,1.00E-02,1.00E-02,,2.70E-01,0,0.01001
15,3.30E-01,1.00E-02,1.00E-02,,3.30E-01,0,0.01001
16,3.50E-01,1.00E-02,1.00E-02,,3.50E-01,0,0.01001
17,4.30E-01,1.00E-02,1.00E-02,,4.30E-01,0,0.01001
18,4.51E-01,1.00E-02,1.00E-02,,4.51E-01,0,0.01001
19,4.71E-01,1.00E-02,1.00E-02,,4.71E-01,0,0.01001
22,5.71E-01,1.00E-02,1.00E-02,,5.71E-01,0,0.01001
30,1.40E-01,3.00E-02,1.00E-02,,1.40E-01,0,0.03003
32,1.80E-01,3.00E-02,1.00E-02,,1.80E-01,0,0.03003
34,2.20E-01,3.00E-02,1.00E-02,,2.20E-01,0,0.03003
41,3.80E-01,3.00E-02,1.00E-02,,3.80E-01,0,0.03003
42,4.20E-01,3.00E-02,1.00E-02,,4.20E-01,0,0.03003
43,4.40E-01,3.00E-02,1.00E-02,,4.40E-01,0,0.03003
44,4.61E-01,3.00E-02,1.00E-02,,4.61E-01,0,0.03003
47,5.21E-01,3.00E-02,1.00E-02,,5.21E-01,0,0.03003
48,5.41E-01,3.00E-02,1.00E-02,,5.41E-01,0,0.03003
49,1.00E-02,5.01E-02,1.00E-02,,1.00E-02,0,0.05005
51,7.01E-02,5.01E-02,1.00E-02,,7.01E-02,0,0.05005
52,9.01E-02,5.01E-02,1.00E-02,,9.01E-02,0,0.05005
55,2.10E-01,5.01E-02,1.00E-02,,2.10E-01,0,0.05005
58,3.10E-01,5.01E-02,1.00E-02,,3.10E-01,0,0.05005
65,5.11E-01,5.01E-02,1.00E-02,,5.11E-01,0,0.05005
66,5.31E-01,5.01E-02,1.00E-02,,5.31E-01,0,0.05005
71,4.00E-02,7.01E-02,1.00E-02,,4.00E-02,0,0.07007
72,6.01E-02,7.01E-02,1.00E-02,,6.01E-02,0,0.07007
73,8.01E-02,7.01E-02,1.00E-02,,8.01E-02,0,0.07007
80,2.40E-01,7.01E-02,1.00E-02,,2.40E-01,0,0.07007
82,3.00E-01,7.01E-02,1.00E-02,,3.00E-01,0,0.07007
83,3.20E-01,7.01E-02,1.00E-02,,3.20E-01,0,0.07007
86,3.80E-01,7.01E-02,1.00E-02,,3.80E-01,0,0.07007
89,4.61E-01,7.01E-02,1.00E-02,,4.61E-01,0,0.07007
90,4.81E-01,7.01E-02,1.00E-02,,4.81E-01,0,0.07007
91,5.01E-01,7.01E-02,1.00E-02,,5.01E-01,0,0.07007
92,5.21E-01,7.01E-02,1.00E-02,,5.21E-01,0,0.07007
93,5.41E-01,7.01E-02,1.00E-02,,5.41E-01,0,0.07007
97,7.01E-02,9.01E-02,1.00E-02,,7.01E-02,0,0.09009
99,1.10E-01,9.01E-02,1.00E-02,,1.10E-01,0,0.09009
100,1.50E-01,9.01E-02,1.00E-02,,1.50E-01,0,0.09009
101,1.70E-01,9.01E-02,1.00E-02,,1.70E-01,0,0.09009
102,1.90E-01,9.01E-02,1.00E-02,,1.90E-01,0,0.09009
103,2.10E-01,9.01E-02,1.00E-02,,2.10E-01,0,0.09009
105,2.70E-01,9.01E-02,1.00E-02,,2.70E-01,0,0.09009
106,2.90E-01,9.01E-02,1.00E-02,,2.90E-01,0,0.09009
107,3.50E-01,9.01E-02,1.00E-02,,3.50E-01,0,0.09009
108,3.70E-01,9.01E-02,1.00E-02,,3.70E-01,0,0.09009
110,4.71E-01,9.01E-02,1.00E-02,,4.71E-01,0,0.09009
111,4.91E-01,9.01E-02,1.00E-02,,4.91E-01,0,0.09009
113,5.31E-01,9.01E-02,1.00E-02,,5.31E-01,0,0.09009
114,5.51E-01,9.01E-02,1.00E-02,,5.51E-01,0,0.09009
115,5.91E-01,9.01E-02,1.00E-02,,5.91E-01,0,0.09009
117,6.01E-02,1.10E-01,1.00E-02,,6.01E-02,0,0.1101
119,1.40E-01,1.10E-01,1.00E-02,,1.40E-01,0,0.1101
127,3.60E-01,1.10E-01,1.00E-02,,3.60E-01,0,0.1101
128,4.00E-01,1.10E-01,1.00E-02,,4.00E-01,0,0.1101
130,4.61E-01,1.10E-01,1.00E-02,,4.61E-01,0,0.1101
131,4.81E-01,1.10E-01,1.00E-02,,4.81E-01,0,0.1101
135,1.00E-02,1.30E-01,1.00E-02,,1.00E-02,0,0.1301
136,7.01E-02,1.30E-01,1.00E-02,,7.01E-02,0,0.1301
137,9.01E-02,1.30E-01,1.00E-02,,9.01E-02,0,0.1301
138,1.10E-01,1.30E-01,1.00E-02,,1.10E-01,0,0.1301
140,1.50E-01,1.30E-01,1.00E-02,,1.50E-01,0,0.1301
141,2.10E-01,1.30E-01,1.00E-02,,2.10E-01,0,0.1301
142,2.30E-01,1.30E-01,1.00E-02,,2.30E-01,0,0.1301
144,2.70E-01,1.30E-01,1.00E-02,,2.70E-01,0,0.1301
145,2.90E-01,1.30E-01,1.00E-02,,2.90E-01,0,0.1301
146,3.10E-01,1.30E-01,1.00E-02,,3.10E-01,0,0.1301
147,3.30E-01,1.30E-01,1.00E-02,,3.30E-01,0,0.1301
149,3.90E-01,1.30E-01,1.00E-02,,3.90E-01,0,0.1301
150,4.10E-01,1.30E-01,1.00E-02,,4.10E-01,0,0.1301
151,4.30E-01,1.30E-01,1.00E-02,,4.30E-01,0,0.1301
152,4.51E-01,1.30E-01,1.00E-02,,4.51E-01,0,0.1301
153,5.11E-01,1.30E-01,1.00E-02,,5.11E-01,0,0.1301
154,5.31E-01,1.30E-01,1.00E-02,,5.31E-01,0,0.1301
159,4.00E-02,1.50E-01,1.00E-02,,4.00E-02,0,0.1501
165,1.80E-01,1.50E-01,1.00E-02,,1.80E-01,0,0.1501
172,3.40E-01,1.50E-01,1.00E-02,,3.40E-01,0,0.1501
174,3.80E-01,1.50E-01,1.00E-02,,3.80E-01,0,0.1501
176,4.40E-01,1.50E-01,1.00E-02,,4.40E-01,0,0.1501
178,5.41E-01,1.50E-01,1.00E-02,,5.41E-01,0,0.1501
182,3.00E-02,1.70E-01,1.00E-02,,3.00E-02,0,0.1702
183,7.01E-02,1.70E-01,1.00E-02,,7.01E-02,0,0.1702
184,9.01E-02,1.70E-01,1.00E-02,,9.01E-02,0,0.1702
185,1.10E-01,1.70E-01,1.00E-02,,1.10E-01,0,0.1702
186,1.70E-01,1.70E-01,1.00E-02,,1.70E-01,0,0.1702
188,2.30E-01,1.70E-01,1.00E-02,,2.30E-01,0,0.1702
190,2.70E-01,1.70E-01,1.00E-02,,2.70E-01,0,0.1702
193,3.50E-01,1.70E-01,1.00E-02,,3.50E-01,0,0.1702
194,3.70E-01,1.70E-01,1.00E-02,,3.70E-01,0,0.1702
195,3.90E-01,1.70E-01,1.00E-02,,3.90E-01,0,0.1702
196,4.10E-01,1.70E-01,1.00E-02,,4.10E-01,0,0.1702
197,4.30E-01,1.70E-01,1.00E-02,,4.30E-01,0,0.1702
198,4.51E-01,1.70E-01,1.00E-02,,4.51E-01,0,0.1702
199,4.91E-01,1.70E-01,1.00E-02,,4.91E-01,0,0.1702
202,5.71E-01,1.70E-01,1.00E-02,,5.71E-01,0,0.1702
203,2.00E-02,1.90E-01,1.00E-02,,2.00E-02,0,0.1902
204,4.00E-02,1.90E-01,1.00E-02,,4.00E-02,0,0.1902
205,6.01E-02,1.90E-01,1.00E-02,,6.01E-02,0,0.1902
206,1.20E-01,1.90E-01,1.00E-02,,1.20E-01,0,0.1902
207,1.40E-01,1.90E-01,1.00E-02,,1.40E-01,0,0.1902
212,2.40E-01,1.90E-01,1.00E-02,,2.40E-01,0,0.1902
213,2.60E-01,1.90E-01,1.00E-02,,2.60E-01,0,0.1902
216,4.00E-01,1.90E-01,1.00E-02,,4.00E-01,0,0.1902
217,4.20E-01,1.90E-01,1.00E-02,,4.20E-01,0,0.1902
222,5.41E-01,1.90E-01,1.00E-02,,5.41E-01,0,0.1902
223,5.61E-01,1.90E-01,1.00E-02,,5.61E-01,0,0.1902
225,3.00E-02,2.10E-01,1.00E-02,,3.00E-02,0,0.2102
227,1.10E-01,2.10E-01,1.00E-02,,1.10E-01,0,0.2102
228,1.30E-01,2.10E-01,1.00E-02,,1.30E-01,0,0.2102
230,1.70E-01,2.10E-01,1.00E-02,,1.70E-01,0,0.2102
231,1.90E-01,2.10E-01,1.00E-02,,1.90E-01,0,0.2102
232,2.30E-01,2.10E-01,1.00E-02,,2.30E-01,0,0.2102
237,3.70E-01,2.10E-01,1.00E-02,,3.70E-01,0,0.2102
238,3.90E-01,2.10E-01,1.00E-02,,3.90E-01,0,0.2102
240,4.30E-01,2.10E-01,1.00E-02,,4.30E-01,0,0.2102
241,4.51E-01,2.10E-01,1.00E-02,,4.51E-01,0,0.2102
242,4.91E-01,2.10E-01,1.00E-02,,4.91E-01,0,0.2102
245,5.51E-01,2.10E-01,1.00E-02,,5.51E-01,0,0.2102
250,1.00E-01,2.30E-01,1.00E-02,,1.00E-01,0,0.2302
253,1.60E-01,2.30E-01,1.00E-02,,1.60E-01,0,0.2302
254,2.00E-01,2.30E-01,1.00E-02,,2.00E-01,0,0.2302
258,3.00E-01,2.30E-01,1.00E-02,,3.00E-01,0,0.2302
259,3.20E-01,2.30E-01,1.00E-02,,3.20E-01,0,0.2302
262,3.80E-01,2.30E-01,1.00E-02,,3.80E-01,0,0.2302
265,4.40E-01,2.30E-01,1.00E-02,,4.40E-01,0,0.2302
267,4.81E-01,2.30E-01,1.00E-02,,4.81E-01,0,0.2302
268,5.01E-01,2.30E-01,1.00E-02,,5.01E-01,0,0.2302
272,3.00E-02,2.50E-01,1.00E-02,,3.00E-02,0,0.2503
273,7.01E-02,2.50E-01,1.00E-02,,7.01E-02,0,0.2503
274,9.01E-02,2.50E-01,1.00E-02,,9.01E-02,0,0.2503
275,1.10E-01,2.50E-01,1.00E-02,,1.10E-01,0,0.2503
279,1.90E-01,2.50E-01,1.00E-02,,1.90E-01,0,0.2503
282,2.50E-01,2.50E-01,1.00E-02,,2.50E-01,0,0.2503
283,2.70E-01,2.50E-01,1.00E-02,,2.70E-01,0,0.2503
284,3.10E-01,2.50E-01,1.00E-02,,3.10E-01,0,0.2503
285,3.30E-01,2.50E-01,1.00E-02,,3.30E-01,0,0.2503
288,4.71E-01,2.50E-01,1.00E-02,,4.71E-01,0,0.2503
290,5.11E-01,2.50E-01,1.00E-02,,5.11E-01,0,0.2503
292,5.51E-01,2.50E-01,1.00E-02,,5.51E-01,0,0.2503
296,4.00E-02,2.70E-01,1.00E-02,,4.00E-02,0,0.2703
298,8.01E-02,2.70E-01,1.00E-02,,8.01E-02,0,0.2703
301,1.60E-01,2.70E-01,1.00E-02,,1.60E-01,0,0.2703
303,2.00E-01,2.70E-01,1.00E-02,,2.00E-01,0,0.2703
304,2.20E-01,2.70E-01,1.00E-02,,2.20E-01,0,0.2703
305,2.60E-01,2.70E-01,1.00E-02,,2.60E-01,0,0.2703
308,3.20E-01,2.70E-01,1.00E-02,,3.20E-01,0,0.2703
309,3.40E-01,2.70E-01,1.00E-02,,3.40E-01,0,0.2703
310,3.80E-01,2.70E-01,1.00E-02,,3.80E-01,0,0.2703
312,4.20E-01,2.70E-01,1.00E-02,,4.20E-01,0,0.2703
314,4.61E-01,2.70E-01,1.00E-02,,4.61E-01,0,0.2703
316,5.01E-01,2.70E-01,1.00E-02,,5.01E-01,0,0.2703
318,5.41E-01,2.70E-01,1.00E-02,,5.41E-01,0,0.2703
323,7.01E-02,2.90E-01,1.00E-02,,7.01E-02,0,0.2903
327,1.50E-01,2.90E-01,1.00E-02,,1.50E-01,0,0.2903
329,2.10E-01,2.90E-01,1.00E-02,,2.10E-01,0,0.2903
330,2.50E-01,2.90E-01,1.00E-02,,2.50E-01,0,0.2903
332,2.90E-01,2.90E-01,1.00E-02,,2.90E-01,0,0.2903
336,3.70E-01,2.90E-01,1.00E-02,,3.70E-01,0,0.2903
337,3.90E-01,2.90E-01,1.00E-02,,3.90E-01,0,0.2903
341,5.11E-01,2.90E-01,1.00E-02,,5.11E-01,0,0.2903
342,5.31E-01,2.90E-01,1.00E-02,,5.31E-01,0,0.2903
344,5.71E-01,2.90E-01,1.00E-02,,5.71E-01,0,0.2903
345,2.00E-02,3.10E-01,1.00E-02,,2.00E-02,0,0.3103
351,1.60E-01,3.10E-01,1.00E-02,,1.60E-01,0,0.3103
352,1.80E-01,3.10E-01,1.00E-02,,1.80E-01,0,0.3103
354,2.20E-01,3.10E-01,1.00E-02,,2.20E-01,0,0.3103
358,3.00E-01,3.10E-01,1.00E-02,,3.00E-01,0,0.3103
360,3.60E-01,3.10E-01,1.00E-02,,3.60E-01,0,0.3103
361,3.80E-01,3.10E-01,1.00E-02,,3.80E-01,0,0.3103
362,4.00E-01,3.10E-01,1.00E-02,,4.00E-01,0,0.3103
364,4.40E-01,3.10E-01,1.00E-02,,4.40E-01,0,0.3103
365,4.61E-01,3.10E-01,1.00E-02,,4.61E-01,0,0.3103
368,5.41E-01,3.10E-01,1.00E-02,,5.41E-01,0,0.3103
369,5.61E-01,3.10E-01,1.00E-02,,5.61E-01,0,0.3103
370,5.81E-01,3.10E-01,1.00E-02,,5.81E-01,0,0.3103
372,5.01E-02,3.30E-01,1.00E-02,,5.01E-02,0,0.3303
373,7.01E-02,3.30E-01,1.00E-02,,7.01E-02,0,0.3303
374,1.10E-01,3.30E-01,1.00E-02,,1.10E-01,0,0.3303
375,1.30E-01,3.30E-01,1.00E-02,,1.30E-01,0,0.3303
376,1.70E-01,3.30E-01,1.00E-02,,1.70E-01,0,0.3303
378,2.10E-01,3.30E-01,1.00E-02,,2.10E-01,0,0.3303
381,3.10E-01,3.30E-01,1.00E-02,,3.10E-01,0,0.3303
382,3.30E-01,3.30E-01,1.00E-02,,3.30E-01,0,0.3303
383,3.70E-01,3.30E-01,1.00E-02,,3.70E-01,0,0.3303
384,3.90E-01,3.30E-01,1.00E-02,,3.90E-01,0,0.3303
386,4.30E-01,3.30E-01,1.00E-02,,4.30E-01,0,0.3303
389,5.11E-01,3.30E-01,1.00E-02,,5.11E-01,0,0.3303
390,5.51E-01,3.30E-01,1.00E-02,,5.51E-01,0,0.3303
391,2.00E-02,3.50E-01,1.00E-02,,2.00E-02,0,0.3503
392,6.01E-02,3.50E-01,1.00E-02,,6.01E-02,0,0.3503
396,1.40E-01,3.50E-01,1.00E-02,,1.40E-01,0,0.3503
399,2.00E-01,3.50E-01,1.00E-02,,2.00E-01,0,0.3503
400,2.20E-01,3.50E-01,1.00E-02,,2.20E-01,0,0.3503
401,2.40E-01,3.50E-01,1.00E-02,,2.40E-01,0,0.3503
402,2.60E-01,3.50E-01,1.00E-02,,2.60E-01,0,0.3503
405,3.40E-01,3.50E-01,1.00E-02,,3.40E-01,0,0.3503
406,3.80E-01,3.50E-01,1.00E-02,,3.80E-01,0,0.3503
407,4.20E-01,3.50E-01,1.00E-02,,4.20E-01,0,0.3503
412,5.41E-01,3.50E-01,1.00E-02,,5.41E-01,0,0.3503
414,3.00E-02,3.70E-01,1.00E-02,,3.00E-02,0,0.3704
417,9.01E-02,3.70E-01,1.00E-02,,9.01E-02,0,0.3704
423,2.10E-01,3.70E-01,1.00E-02,,2.10E-01,0,0.3704
426,2.90E-01,3.70E-01,1.00E-02,,2.90E-01,0,0.3704
427,3.10E-01,3.70E-01,1.00E-02,,3.10E-01,0,0.3704
432,4.51E-01,3.70E-01,1.00E-02,,4.51E-01,0,0.3704
433,4.71E-01,3.70E-01,1.00E-02,,4.71E-01,0,0.3704
434,5.11E-01,3.70E-01,1.00E-02,,5.11E-01,0,0.3704
435,5.31E-01,3.70E-01,1.00E-02,,5.31E-01,0,0.3704
436,5.51E-01,3.70E-01,1.00E-02,,5.51E-01,0,0.3704
437,5.71E-01,3.70E-01,1.00E-02,,5.71E-01,0,0.3704
438,5.91E-01,3.70E-01,1.00E-02,,5.91E-01,0,0.3704
439,2.00E-02,3.90E-01,1.00E-02,,2.00E-02,0,0.3904
442,1.00E-01,3.90E-01,1.00E-02,,1.00E-01,0,0.3904
444,1.40E-01,3.90E-01,1.00E-02,,1.40E-01,0,0.3904
446,1.80E-01,3.90E-01,1.00E-02,,1.80E-01,0,0.3904
450,2.60E-01,3.90E-01,1.00E-02,,2.60E-01,0,0.3904
451,2.80E-01,3.90E-01,1.00E-02,,2.80E-01,0,0.3904
455,3.80E-01,3.90E-01,1.00E-02,,3.80E-01,0,0.3904
456,4.20E-01,3.90E-01,1.00E-02,,4.20E-01,0,0.3904
457,4.61E-01,3.90E-01,1.00E-02,,4.61E-01,0,0.3904
458,4.81E-01,3.90E-01,1.00E-02,,4.81E-01,0,0.3904
460,5.21E-01,3.90E-01,1.00E-02,,5.21E-01,0,0.3904
461,5.61E-01,3.90E-01,1.00E-02,,5.61E-01,0,0.3904
462,1.00E-02,4.10E-01,1.00E-02,,1.00E-02,0,0.4104
464,5.01E-02,4.10E-01,1.00E-02,,5.01E-02,0,0.4104
467,1.30E-01,4.10E-01,1.00E-02,,1.30E-01,0,0.4104
468,1.70E-01,4.10E-01,1.00E-02,,1.70E-01,0,0.4104
471,2.30E-01,4.10E-01,1.00E-02,,2.30E-01,0,0.4104
472,2.50E-01,4.10E-01,1.00E-02,,2.50E-01,0,0.4104
473,2.90E-01,4.10E-01,1.00E-02,,2.90E-01,0,0.4104
474,3.10E-01,4.10E-01,1.00E-02,,3.10E-01,0,0.4104
478,3.90E-01,4.10E-01,1.00E-02,,3.90E-01,0,0.4104
479,4.10E-01,4.10E-01,1.00E-02,,4.10E-01,0,0.4104
480,4.30E-01,4.10E-01,1.00E-02,,4.30E-01,0,0.4104
483,5.11E-01,4.10E-01,1.00E-02,,5.11E-01,0,0.4104
484,5.31E-01,4.10E-01,1.00E-02,,5.31E-01,0,0.4104
485,5.71E-01,4.10E-01,1.00E-02,,5.71E-01,0,0.4104
486,2.00E-02,4.30E-01,1.00E-02,,2.00E-02,0,0.4304
487,4.00E-02,4.30E-01,1.00E-02,,4.00E-02,0,0.4304
492,1.60E-01,4.30E-01,1.00E-02,,1.60E-01,0,0.4304
493,1.80E-01,4.30E-01,1.00E-02,,1.80E-01,0,0.4304
498,3.20E-01,4.30E-01,1.00E-02,,3.20E-01,0,0.4304
499,3.40E-01,4.30E-01,1.00E-02,,3.40E-01,0,0.4304
500,3.60E-01,4.30E-01,1.00E-02,,3.60E-01,0,0.4304
505,5.01E-01,4.30E-01,1.00E-02,,5.01E-01,0,0.4304
506,5.21E-01,4.30E-01,1.00E-02,,5.21E-01,0,0.4304
507,5.41E-01,4.30E-01,1.00E-02,,5.41E-01,0,0.4304
510,1.00E-02,4.51E-01,1.00E-02,,1.00E-02,0,0.4505
512,9.01E-02,4.51E-01,1.00E-02,,9.01E-02,0,0.4505
514,1.30E-01,4.51E-01,1.00E-02,,1.30E-01,0,0.4505
515,1.50E-01,4.51E-01,1.00E-02,,1.50E-01,0,0.4505
516,1.70E-01,4.51E-01,1.00E-02,,1.70E-01,0,0.4505
518,2.30E-01,4.51E-01,1.00E-02,,2.30E-01,0,0.4505
522,3.50E-01,4.51E-01,1.00E-02,,3.50E-01,0,0.4505
524,3.90E-01,4.51E-01,1.00E-02,,3.90E-01,0,0.4505
525,4.10E-01,4.51E-01,1.00E-02,,4.10E-01,0,0.4505
526,4.51E-01,4.51E-01,1.00E-02,,4.51E-01,0,0.4505
527,4.91E-01,4.51E-01,1.00E-02,,4.91E-01,0,0.4505
529,5.71E-01,4.51E-01,1.00E-02,,5.71E-01,0,0.4505
531,4.00E-02,4.71E-01,1.00E-02,,4.00E-02,0,0.4705
532,8.01E-02,4.71E-01,1.00E-02,,8.01E-02,0,0.4705
535,1.60E-01,4.71E-01,1.00E-02,,1.60E-01,0,0.4705
536,1.80E-01,4.71E-01,1.00E-02,,1.80E-01,0,0.4705
537,2.20E-01,4.71E-01,1.00E-02,,2.20E-01,0,0.4705
538,2.40E-01,4.71E-01,1.00E-02,,2.40E-01,0,0.4705
541,3.00E-01,4.71E-01,1.00E-02,,3.00E-01,0,0.4705
542,3.20E-01,4.71E-01,1.00E-02,,3.20E-01,0,0.4705
545,3.80E-01,4.71E-01,1.00E-02,,3.80E-01,0,0.4705
546,4.00E-01,4.71E-01,1.00E-02,,4.00E-01,0,0.4705
548,4.61E-01,4.71E-01,1.00E-02,,4.61E-01,0,0.4705
550,5.01E-01,4.71E-01,1.00E-02,,5.01E-01,0,0.4705
551,5.21E-01,4.71E-01,1.00E-02,,5.21E-01,0,0.4705
554,1.00E-02,4.91E-01,1.00E-02,,1.00E-02,0,0.4905
555,3.00E-02,4.91E-01,1.00E-02,,3.00E-02,0,0.4905
556,5.01E-02,4.91E-01,1.00E-02,,5.01E-02,0,0.4905
559,1.10E-01,4.91E-01,1.00E-02,,1.10E-01,0,0.4905
561,1.50E-01,4.91E-01,1.00E-02,,1.50E-01,0,0.4905
562,1.70E-01,4.91E-01,1.00E-02,,1.70E-01,0,0.4905
564,2.10E-01,4.91E-01,1.00E-02,,2.10E-01,0,0.4905
565,2.30E-01,4.91E-01,1.00E-02,,2.30E-01,0,0.4905
566,2.50E-01,4.91E-01,1.00E-02,,2.50E-01,0,0.4905
567,2.70E-01,4.91E-01,1.00E-02,,2.70E-01,0,0.4905
569,3.10E-01,4.91E-01,1.00E-02,,3.10E-01,0,0.4905
570,3.30E-01,4.91E-01,1.00E-02,,3.30E-01,0,0.4905
579,5.91E-01,4.91E-01,1.00E-02,,5.91E-01,0,0.4905
580,2.00E-02,5.11E-01,1.00E-02,,2.00E-02,0,0.5105
582,6.01E-02,5.11E-01,1.00E-02,,6.01E-02,0,0.5105
583,8.01E-02,5.11E-01,1.00E-02,,8.01E-02,0,0.5105
584,1.00E-01,5.11E-01,1.00E-02,,1.00E-01,0,0.5105
588,2.20E-01,5.11E-01,1.00E-02,,2.20E-01,0,0.5105
589,2.40E-01,5.11E-01,1.00E-02,,2.40E-01,0,0.5105
590,2.80E-01,5.11E-01,1.00E-02,,2.80E-01,0,0.5105
596,4.40E-01,5.11E-01,1.00E-02,,4.40E-01,0,0.5105
599,5.01E-01,5.11E-01,1.00E-02,,5.01E-01,0,0.5105
604,3.00E-02,5.31E-01,1.00E-02,,3.00E-02,0,0.5305
606,7.01E-02,5.31E-01,1.00E-02,,7.01E-02,0,0.5305
615,3.10E-01,5.31E-01,1.00E-02,,3.10E-01,0,0.5305
616,3.30E-01,5.31E-01,1.00E-02,,3.30E-01,0,0.5305
617,3.70E-01,5.31E-01,1.00E-02,,3.70E-01,0,0.5305
618,3.90E-01,5.31E-01,1.00E-02,,3.90E-01,0,0.5305
619,4.51E-01,5.31E-01,1.00E-02,,4.51E-01,0,0.5305
620,5.31E-01,5.31E-01,1.00E-02,,5.31E-01,0,0.5305
621,5.51E-01,5.31E-01,1.00E-02,,5.51E-01,0,0.5305
623,5.91E-01,5.31E-01,1.00E-02,,5.91E-01,0,0.5305
625,4.00E-02,5.51E-01,1.00E-02,,4.00E-02,0,0.5505
627,8.01E-02,5.51E-01,1.00E-02,,8.01E-02,0,0.5505
630,1.40E-01,5.51E-01,1.00E-02,,1.40E-01,0,0.5505
641,4.81E-01,5.51E-01,1.00E-02,,4.81E-01,0,0.5505
643,5.21E-01,5.51E-01,1.00E-02,,5.21E-01,0,0.5505
646,5.81E-01,5.51E-01,1.00E-02,,5.81E-01,0,0.5505
648,3.00E-02,5.71E-01,1.00E-02,,3.00E-02,0,0.5706
649,5.01E-02,5.71E-01,1.00E-02,,5.01E-02,0,0.5706
650,9.01E-02,5.71E-01,1.00E-02,,9.01E-02,0,0.5706
651,1.10E-01,5.71E-01,1.00E-02,,1.10E-01,0,0.5706
652,1.30E-01,5.71E-01,1.00E-02,,1.30E-01,0,0.5706
653,1.50E-01,5.71E-01,1.00E-02,,1.50E-01,0,0.5706
654,1.90E-01,5.71E-01,1.00E-02,,1.90E-01,0,0.5706
655,2.10E-01,5.71E-01,1.00E-02,,2.10E-01,0,0.5706
656,2.30E-01,5.71E-01,1.00E-02,,2.30E-01,0,0.5706
659,3.10E-01,5.71E-01,1.00E-02,,3.10E-01,0,0.5706
664,4.10E-01,5.71E-01,1.00E-02,,4.10E-01,0,0.5706
669,5.51E-01,5.71E-01,1.00E-02,,5.51E-01,0,0.5706
670,5.91E-01,5.71E-01,1.00E-02,,5.91E-01,0,0.5706
673,1.00E-01,5.91E-01,1.00E-02,,1.00E-01,0,0.5906
675,1.40E-01,5.91E-01,1.00E-02,,1.40E-01,0,0.5906
676,1.60E-01,5.91E-01,1.00E-02,,1.60E-01,0,0.5906
680,2.80E-01,5.91E-01,1.00E-02,,2.80E-01,0,0.5906
681,3.40E-01,5.91E-01,1.00E-02,,3.40E-01,0,0.5906
682,3.60E-01,5.91E-01,1.00E-02,,3.60E-01,0,0.5906
684,4.20E-01,5.91E-01,1.00E-02,,4.20E-01,0,0.5906
685,4.40E-01,5.91E-01,1.00E-02,,4.40E-01,0,0.5906
687,4.81E-01,5.91E-01,1.00E-02,,4.81E-01,0,0.5906
688,5.21E-01,5.91E-01,1.00E-02,,5.21E-01,0,0.5906
691,5.81E-01,5.91E-01,1.00E-02,,5.81E-01,0,0.5906
 No,X0(ini),Z0(ini),rr(ini),R=R2,X0(ini),0,0
1,1.00E-02,1.00E-02,5.00E-03,,1.00E-02,0.01001,0
2,3.00E-02,1.00E-02,5.00E-03,,3.00E-02,0.01001,0
3,5.01E-02,1.00E-02,5.00E-03,,5.01E-02,0.01001,0
5,9.01E-02,1.00E-02,5.00E-03,,9.01E-02,0.01001,0
6,1.10E-01,1.00E-02,5.00E-03,,1.10E-01,0.01001,0
7,1.30E-01,1.00E-02,5.00E-03,,1.30E-01,0.01001,0
8,1.50E-01,1.00E-02,5.00E-03,,1.50E-01,0.01001,0
9,1.70E-01,1.00E-02,5.00E-03,,1.70E-01,0.01001,0
10,1.90E-01,1.00E-02,5.00E-03,,1.90E-01,0.01001,0
13,2.50E-01,1.00E-02,5.00E-03,,2.50E-01,0.01001,0
20,4.91E-01,1.00E-02,5.00E-03,,4.91E-01,0.01001,0
21,5.11E-01,1.00E-02,5.00E-03,,5.11E-01,0.01001,0
23,5.91E-01,1.00E-02,5.00E-03,,5.91E-01,0.01001,0
24,2.00E-02,3.00E-02,5.00E-03,,2.00E-02,0.03003,0
25,4.00E-02,3.00E-02,5.00E-03,,4.00E-02,0.03003,0
26,6.01E-02,3.00E-02,5.00E-03,,6.01E-02,0.03003,0
27,8.01E-02,3.00E-02,5.00E-03,,8.01E-02,0.03003,0
28,1.00E-01,3.00E-02,5.00E-03,,1.00E-01,0.03003,0
29,1.20E-01,3.00E-02,5.00E-03,,1.20E-01,0.03003,0
31,1.60E-01,3.00E-02,5.00E-03,,1.60E-01,0.03003,0
33,2.00E-01,3.00E-02,5.00E-03,,2.00E-01,0.03003,0
35,2.40E-01,3.00E-02,5.00E-03,,2.40E-01,0.03003,0
36,2.60E-01,3.00E-02,5.00E-03,,2.60E-01,0.03003,0
37,3.00E-01,3.00E-02,5.00E-03,,3.00E-01,0.03003,0
38,3.20E-01,3.00E-02,5.00E-03,,3.20E-01,0.03003,0
39,3.40E-01,3.00E-02,5.00E-03,,3.40E-01,0.03003,0
40,3.60E-01,3.00E-02,5.00E-03,,3.60E-01,0.03003,0
45,4.81E-01,3.00E-02,5.00E-03,,4.81E-01,0.03003,0
46,5.01E-01,3.00E-02,5.00E-03,,5.01E-01,0.03003,0
50,3.00E-02,5.01E-02,5.00E-03,,3.00E-02,0.05005,0
53,1.10E-01,5.01E-02,5.00E-03,,1.10E-01,0.05005,0
54,1.50E-01,5.01E-02,5.00E-03,,1.50E-01,0.05005,0
56,2.50E-01,5.01E-02,5.00E-03,,2.50E-01,0.05005,0
57,2.70E-01,5.01E-02,5.00E-03,,2.70E-01,0.05005,0
59,3.50E-01,5.01E-02,5.00E-03,,3.50E-01,0.05005,0
60,3.90E-01,5.01E-02,5.00E-03,,3.90E-01,0.05005,0
61,4.10E-01,5.01E-02,5.00E-03,,4.10E-01,0.05005,0
62,4.30E-01,5.01E-02,5.00E-03,,4.30E-01,0.05005,0
63,4.51E-01,5.01E-02,5.00E-03,,4.51E-01,0.05005,0
64,4.91E-01,5.01E-02,5.00E-03,,4.91E-01,0.05005,0
67,5.51E-01,5.01E-02,5.00E-03,,5.51E-01,0.05005,0
68,5.71E-01,5.01E-02,5.00E-03,,5.71E-01,0.05005,0
69,5.91E-01,5.01E-02,5.00E-03,,5.91E-01,0.05005,0
70,2.00E-02,7.01E-02,5.00E-03,,2.00E-02,0.07007,0
74,1.00E-01,7.01E-02,5.00E-03,,1.00E-01,0.07007,0
75,1.20E-01,7.01E-02,5.00E-03,,1.20E-01,0.07007,0
76,1.40E-01,7.01E-02,5.00E-03,,1.40E-01,0.07007,0
77,1.60E-01,7.01E-02,5.00E-03,,1.60E-01,0.07007,0
78,1.80E-01,7.01E-02,5.00E-03,,1.80E-01,0.07007,0
79,2.00E-01,7.01E-02,5.00E-03,,2.00E-01,0.07007,0
81,2.80E-01,7.01E-02,5.00E-03,,2.80E-01,0.07007,0
84,3.40E-01,7.01E-02,5.00E-03,,3.40E-01,0.07007,0
85,3.60E-01,7.01E-02,5.00E-03,,3.60E-01,0.07007,0
87,4.20E-01,7.01E-02,5.00E-03,,4.20E-01,0.07007,0
88,4.40E-01,7.01E-02,5.00E-03,,4.40E-01,0.07007,0
94,5.81E-01,7.01E-02,5.00E-03,,5.81E-01,0.07007,0
95,1.00E-02,9.01E-02,5.00E-03,,1.00E-02,0.09009,0
96,3.00E-02,9.01E-02,5.00E-03,,3.00E-02,0.09009,0
98,9.01E-02,9.01E-02,5.00E-03,,9.01E-02,0.09009,0
104,2.50E-01,9.01E-02,5.00E-03,,2.50E-01,0.09009,0
109,4.30E-01,9.01E-02,5.00E-03,,4.30E-01,0.09009,0
112,5.11E-01,9.01E-02,5.00E-03,,5.11E-01,0.09009,0
116,2.00E-02,1.10E-01,5.00E-03,,2.00E-02,0.1101,0
118,8.01E-02,1.10E-01,5.00E-03,,8.01E-02,0.1101,0
120,1.80E-01,1.10E-01,5.00E-03,,1.80E-01,0.1101,0
121,2.00E-01,1.10E-01,5.00E-03,,2.00E-01,0.1101,0
122,2.40E-01,1.10E-01,5.00E-03,,2.40E-01,0.1101,0
123,2.60E-01,1.10E-01,5.00E-03,,2.60E-01,0.1101,0
124,2.80E-01,1.10E-01,5.00E-03,,2.80E-01,0.1101,0
125,3.20E-01,1.10E-01,5.00E-03,,3.20E-01,0.1101,0
126,3.40E-01,1.10E-01,5.00E-03,,3.40E-01,0.1101,0
129,4.20E-01,1.10E-01,5.00E-03,,4.20E-01,0.1101,0
132,5.01E-01,1.10E-01,5.00E-03,,5.01E-01,0.1101,0
133,5.21E-01,1.10E-01,5.00E-03,,5.21E-01,0.1101,0
134,5.41E-01,1.10E-01,5.00E-03,,5.41E-01,0.1101,0
139,1.30E-01,1.30E-01,5.00E-03,,1.30E-01,0.1301,0
143,2.50E-01,1.30E-01,5.00E-03,,2.50E-01,0.1301,0
148,3.70E-01,1.30E-01,5.00E-03,,3.70E-01,0.1301,0
155,5.51E-01,1.30E-01,5.00E-03,,5.51E-01,0.1301,0
156,5.71E-01,1.30E-01,5.00E-03,,5.71E-01,0.1301,0
157,5.91E-01,1.30E-01,5.00E-03,,5.91E-01,0.1301,0
158,2.00E-02,1.50E-01,5.00E-03,,2.00E-02,0.1501,0
160,8.01E-02,1.50E-01,5.00E-03,,8.01E-02,0.1501,0
161,1.00E-01,1.50E-01,5.00E-03,,1.00E-01,0.1501,0
162,1.20E-01,1.50E-01,5.00E-03,,1.20E-01,0.1501,0
163,1.40E-01,1.50E-01,5.00E-03,,1.40E-01,0.1501,0
164,1.60E-01,1.50E-01,5.00E-03,,1.60E-01,0.1501,0
166,2.00E-01,1.50E-01,5.00E-03,,2.00E-01,0.1501,0
167,2.20E-01,1.50E-01,5.00E-03,,2.20E-01,0.1501,0
168,2.60E-01,1.50E-01,5.00E-03,,2.60E-01,0.1501,0
169,2.80E-01,1.50E-01,5.00E-03,,2.80E-01,0.1501,0
170,3.00E-01,1.50E-01,5.00E-03,,3.00E-01,0.1501,0
171,3.20E-01,1.50E-01,5.00E-03,,3.20E-01,0.1501,0
173,3.60E-01,1.50E-01,5.00E-03,,3.60E-01,0.1501,0
175,4.00E-01,1.50E-01,5.00E-03,,4.00E-01,0.1501,0
177,5.21E-01,1.50E-01,5.00E-03,,5.21E-01,0.1501,0
179,5.61E-01,1.50E-01,5.00E-03,,5.61E-01,0.1501,0
180,5.81E-01,1.50E-01,5.00E-03,,5.81E-01,0.1501,0
181,1.00E-02,1.70E-01,5.00E-03,,1.00E-02,0.1702,0
187,1.90E-01,1.70E-01,5.00E-03,,1.90E-01,0.1702,0
189,2.50E-01,1.70E-01,5.00E-03,,2.50E-01,0.1702,0
191,2.90E-01,1.70E-01,5.00E-03,,2.90E-01,0.1702,0
192,3.10E-01,1.70E-01,5.00E-03,,3.10E-01,0.1702,0
200,5.11E-01,1.70E-01,5.00E-03,,5.11E-01,0.1702,0
201,5.51E-01,1.70E-01,5.00E-03,,5.51E-01,0.1702,0
208,1.60E-01,1.90E-01,5.00E-03,,1.60E-01,0.1902,0
209,1.80E-01,1.90E-01,5.00E-03,,1.80E-01,0.1902,0
210,2.00E-01,1.90E-01,5.00E-03,,2.00E-01,0.1902,0
211,2.20E-01,1.90E-01,5.00E-03,,2.20E-01,0.1902,0
214,2.80E-01,1.90E-01,5.00E-03,,2.80E-01,0.1902,0
215,3.40E-01,1.90E-01,5.00E-03,,3.40E-01,0.1902,0
218,4.61E-01,1.90E-01,5.00E-03,,4.61E-01,0.1902,0
219,4.81E-01,1.90E-01,5.00E-03,,4.81E-01,0.1902,0
220,5.01E-01,1.90E-01,5.00E-03,,5.01E-01,0.1902,0
221,5.21E-01,1.90E-01,5.00E-03,,5.21E-01,0.1902,0
224,5.81E-01,1.90E-01,5.00E-03,,5.81E-01,0.1902,0
226,9.01E-02,2.10E-01,5.00E-03,,9.01E-02,0.2102,0
229,1.50E-01,2.10E-01,5.00E-03,,1.50E-01,0.2102,0
233,2.50E-01,2.10E-01,5.00E-03,,2.50E-01,0.2102,0
234,2.70E-01,2.10E-01,5.00E-03,,2.70E-01,0.2102,0
235,2.90E-01,2.10E-01,5.00E-03,,2.90E-01,0.2102,0
236,3.50E-01,2.10E-01,5.00E-03,,3.50E-01,0.2102,0
239,4.10E-01,2.10E-01,5.00E-03,,4.10E-01,0.2102,0
243,5.11E-01,2.10E-01,5.00E-03,,5.11E-01,0.2102,0
244,5.31E-01,2.10E-01,5.00E-03,,5.31E-01,0.2102,0
246,5.91E-01,2.10E-01,5.00E-03,,5.91E-01,0.2102,0
247,2.00E-02,2.30E-01,5.00E-03,,2.00E-02,0.2302,0
248,4.00E-02,2.30E-01,5.00E-03,,4.00E-02,0.2302,0
249,8.01E-02,2.30E-01,5.00E-03,,8.01E-02,0.2302,0
251,1.20E-01,2.30E-01,5.00E-03,,1.20E-01,0.2302,0
252,1.40E-01,2.30E-01,5.00E-03,,1.40E-01,0.2302,0
255,2.20E-01,2.30E-01,5.00E-03,,2.20E-01,0.2302,0
256,2.40E-01,2.30E-01,5.00E-03,,2.40E-01,0.2302,0
257,2.60E-01,2.30E-01,5.00E-03,,2.60E-01,0.2302,0
260,3.40E-01,2.30E-01,5.00E-03,,3.40E-01,0.2302,0
261,3.60E-01,2.30E-01,5.00E-03,,3.60E-01,0.2302,0
263,4.00E-01,2.30E-01,5.00E-03,,4.00E-01,0.2302,0
264,4.20E-01,2.30E-01,5.00E-03,,4.20E-01,0.2302,0
266,4.61E-01,2.30E-01,5.00E-03,,4.61E-01,0.2302,0
269,5.21E-01,2.30E-01,5.00E-03,,5.21E-01,0.2302,0
270,5.41E-01,2.30E-01,5.00E-03,,5.41E-01,0.2302,0
271,5.81E-01,2.30E-01,5.00E-03,,5.81E-01,0.2302,0
276,1.30E-01,2.50E-01,5.00E-03,,1.30E-01,0.2503,0
277,1.50E-01,2.50E-01,5.00E-03,,1.50E-01,0.2503,0
278,1.70E-01,2.50E-01,5.00E-03,,1.70E-01,0.2503,0
280,2.10E-01,2.50E-01,5.00E-03,,2.10E-01,0.2503,0
281,2.30E-01,2.50E-01,5.00E-03,,2.30E-01,0.2503,0
286,3.90E-01,2.50E-01,5.00E-03,,3.90E-01,0.2503,0
287,4.51E-01,2.50E-01,5.00E-03,,4.51E-01,0.2503,0
289,4.91E-01,2.50E-01,5.00E-03,,4.91E-01,0.2503,0
291,5.31E-01,2.50E-01,5.00E-03,,5.31E-01,0.2503,0
293,5.71E-01,2.50E-01,5.00E-03,,5.71E-01,0.2503,0
294,5.91E-01,2.50E-01,5.00E-03,,5.91E-01,0.2503,0
295,2.00E-02,2.70E-01,5.00E-03,,2.00E-02,0.2703,0
297,6.01E-02,2.70E-01,5.00E-03,,6.01E-02,0.2703,0
299,1.00E-01,2.70E-01,5.00E-03,,1.00E-01,0.2703,0
300,1.40E-01,2.70E-01,5.00E-03,,1.40E-01,0.2703,0
302,1.80E-01,2.70E-01,5.00E-03,,1.80E-01,0.2703,0
306,2.80E-01,2.70E-01,5.00E-03,,2.80E-01,0.2703,0
307,3.00E-01,2.70E-01,5.00E-03,,3.00E-01,0.2703,0
311,4.00E-01,2.70E-01,5.00E-03,,4.00E-01,0.2703,0
313,4.40E-01,2.70E-01,5.00E-03,,4.40E-01,0.2703,0
315,4.81E-01,2.70E-01,5.00E-03,,4.81E-01,0.2703,0
317,5.21E-01,2.70E-01,5.00E-03,,5.21E-01,0.2703,0
319,5.61E-01,2.70E-01,5.00E-03,,5.61E-01,0.2703,0
320,5.81E-01,2.70E-01,5.00E-03,,5.81E-01,0.2703,0
321,1.00E-02,2.90E-01,5.00E-03,,1.00E-02,0.2903,0
322,5.01E-02,2.90E-01,5.00E-03,,5.01E-02,0.2903,0
324,9.01E-02,2.90E-01,5.00E-03,,9.01E-02,0.2903,0
325,1.10E-01,2.90E-01,5.00E-03,,1.10E-01,0.2903,0
326,1.30E-01,2.90E-01,5.00E-03,,1.30E-01,0.2903,0
328,1.70E-01,2.90E-01,5.00E-03,,1.70E-01,0.2903,0
331,2.70E-01,2.90E-01,5.00E-03,,2.70E-01,0.2903,0
333,3.10E-01,2.90E-01,5.00E-03,,3.10E-01,0.2903,0
334,3.30E-01,2.90E-01,5.00E-03,,3.30E-01,0.2903,0
335,3.50E-01,2.90E-01,5.00E-03,,3.50E-01,0.2903,0
338,4.10E-01,2.90E-01,5.00E-03,,4.10E-01,0.2903,0
339,4.30E-01,2.90E-01,5.00E-03,,4.30E-01,0.2903,0
340,4.51E-01,2.90E-01,5.00E-03,,4.51E-01,0.2903,0
343,5.51E-01,2.90E-01,5.00E-03,,5.51E-01,0.2903,0
346,6.01E-02,3.10E-01,5.00E-03,,6.01E-02,0.3103,0
347,8.01E-02,3.10E-01,5.00E-03,,8.01E-02,0.3103,0
348,1.00E-01,3.10E-01,5.00E-03,,1.00E-01,0.3103,0
349,1.20E-01,3.10E-01,5.00E-03,,1.20E-01,0.3103,0
350,1.40E-01,3.10E-01,5.00E-03,,1.40E-01,0.3103,0
353,2.00E-01,3.10E-01,5.00E-03,,2.00E-01,0.3103,0
355,2.40E-01,3.10E-01,5.00E-03,,2.40E-01,0.3103,0
356,2.60E-01,3.10E-01,5.00E-03,,2.60E-01,0.3103,0
357,2.80E-01,3.10E-01,5.00E-03,,2.80E-01,0.3103,0
359,3.20E-01,3.10E-01,5.00E-03,,3.20E-01,0.3103,0
363,4.20E-01,3.10E-01,5.00E-03,,4.20E-01,0.3103,0
366,4.81E-01,3.10E-01,5.00E-03,,4.81E-01,0.3103,0
367,5.21E-01,3.10E-01,5.00E-03,,5.21E-01,0.3103,0
371,3.00E-02,3.30E-01,5.00E-03,,3.00E-02,0.3303,0
377,1.90E-01,3.30E-01,5.00E-03,,1.90E-01,0.3303,0
379,2.30E-01,3.30E-01,5.00E-03,,2.30E-01,0.3303,0
380,2.90E-01,3.30E-01,5.00E-03,,2.90E-01,0.3303,0
385,4.10E-01,3.30E-01,5.00E-03,,4.10E-01,0.3303,0
387,4.71E-01,3.30E-01,5.00E-03,,4.71E-01,0.3303,0
388,4.91E-01,3.30E-01,5.00E-03,,4.91E-01,0.3303,0
393,8.01E-02,3.50E-01,5.00E-03,,8.01E-02,0.3503,0
394,1.00E-01,3.50E-01,5.00E-03,,1.00E-01,0.3503,0
395,1.20E-01,3.50E-01,5.00E-03,,1.20E-01,0.3503,0
397,1.60E-01,3.50E-01,5.00E-03,,1.60E-01,0.3503,0
398,1.80E-01,3.50E-01,5.00E-03,,1.80E-01,0.3503,0
403,2.80E-01,3.50E-01,5.00E-03,,2.80E-01,0.3503,0
404,3.20E-01,3.50E-01,5.00E-03,,3.20E-01,0.3503,0
408,4.40E-01,3.50E-01,5.00E-03,,4.40E-01,0.3503,0
409,4.61E-01,3.50E-01,5.00E-03,,4.61E-01,0.3503,0
410,4.81E-01,3.50E-01,5.00E-03,,4.81E-01,0.3503,0
411,5.01E-01,3.50E-01,5.00E-03,,5.01E-01,0.3503,0
413,5.61E-01,3.50E-01,5.00E-03,,5.61E-01,0.3503,0
415,5.01E-02,3.70E-01,5.00E-03,,5.01E-02,0.3704,0
416,7.01E-02,3.70E-01,5.00E-03,,7.01E-02,0.3704,0
418,1.10E-01,3.70E-01,5.00E-03,,1.10E-01,0.3704,0
419,1.30E-01,3.70E-01,5.00E-03,,1.30E-01,0.3704,0
420,1.50E-01,3.70E-01,5.00E-03,,1.50E-01,0.3704,0
421,1.70E-01,3.70E-01,5.00E-03,,1.70E-01,0.3704,0
422,1.90E-01,3.70E-01,5.00E-03,,1.90E-01,0.3704,0
424,2.30E-01,3.70E-01,5.00E-03,,2.30E-01,0.3704,0
425,2.50E-01,3.70E-01,5.00E-03,,2.50E-01,0.3704,0
428,3.30E-01,3.70E-01,5.00E-03,,3.30E-01,0.3704,0
429,3.50E-01,3.70E-01,5.00E-03,,3.50E-01,0.3704,0
430,3.70E-01,3.70E-01,5.00E-03,,3.70E-01,0.3704,0
431,4.10E-01,3.70E-01,5.00E-03,,4.10E-01,0.3704,0
440,6.01E-02,3.90E-01,5.00E-03,,6.01E-02,0.3904,0
441,8.01E-02,3.90E-01,5.00E-03,,8.01E-02,0.3904,0
443,1.20E-01,3.90E-01,5.00E-03,,1.20E-01,0.3904,0
445,1.60E-01,3.90E-01,5.00E-03,,1.60E-01,0.3904,0
447,2.00E-01,3.90E-01,5.00E-03,,2.00E-01,0.3904,0
448,2.20E-01,3.90E-01,5.00E-03,,2.20E-01,0.3904,0
449,2.40E-01,3.90E-01,5.00E-03,,2.40E-01,0.3904,0
452,3.00E-01,3.90E-01,5.00E-03,,3.00E-01,0.3904,0
453,3.20E-01,3.90E-01,5.00E-03,,3.20E-01,0.3904,0
454,3.60E-01,3.90E-01,5.00E-03,,3.60E-01,0.3904,0
459,5.01E-01,3.90E-01,5.00E-03,,5.01E-01,0.3904,0
463,3.00E-02,4.10E-01,5.00E-03,,3.00E-02,0.4104,0
465,7.01E-02,4.10E-01,5.00E-03,,7.01E-02,0.4104,0
466,1.10E-01,4.10E-01,5.00E-03,,1.10E-01,0.4104,0
469,1.90E-01,4.10E-01,5.00E-03,,1.90E-01,0.4104,0
470,2.10E-01,4.10E-01,5.00E-03,,2.10E-01,0.4104,0
475,3.30E-01,4.10E-01,5.00E-03,,3.30E-01,0.4104,0
476,3.50E-01,4.10E-01,5.00E-03,,3.50E-01,0.4104,0
477,3.70E-01,4.10E-01,5.00E-03,,3.70E-01,0.4104,0
481,4.51E-01,4.10E-01,5.00E-03,,4.51E-01,0.4104,0
482,4.91E-01,4.10E-01,5.00E-03,,4.91E-01,0.4104,0
488,6.01E-02,4.30E-01,5.00E-03,,6.01E-02,0.4304,0
489,1.00E-01,4.30E-01,5.00E-03,,1.00E-01,0.4304,0
490,1.20E-01,4.30E-01,5.00E-03,,1.20E-01,0.4304,0
491,1.40E-01,4.30E-01,5.00E-03,,1.40E-01,0.4304,0
494,2.20E-01,4.30E-01,5.00E-03,,2.20E-01,0.4304,0
495,2.60E-01,4.30E-01,5.00E-03,,2.60E-01,0.4304,0
496,2.80E-01,4.30E-01,5.00E-03,,2.80E-01,0.4304,0
497,3.00E-01,4.30E-01,5.00E-03,,3.00E-01,0.4304,0
501,4.00E-01,4.30E-01,5.00E-03,,4.00E-01,0.4304,0
502,4.20E-01,4.30E-01,5.00E-03,,4.20E-01,0.4304,0
503,4.61E-01,4.30E-01,5.00E-03,,4.61E-01,0.4304,0
504,4.81E-01,4.30E-01,5.00E-03,,4.81E-01,0.4304,0
508,5.61E-01,4.30E-01,5.00E-03,,5.61E-01,0.4304,0
509,5.81E-01,4.30E-01,5.00E-03,,5.81E-01,0.4304,0
511,3.00E-02,4.51E-01,5.00E-03,,3.00E-02,0.4505,0
513,1.10E-01,4.51E-01,5.00E-03,,1.10E-01,0.4505,0
517,2.10E-01,4.51E-01,5.00E-03,,2.10E-01,0.4505,0
519,2.50E-01,4.51E-01,5.00E-03,,2.50E-01,0.4505,0
520,2.90E-01,4.51E-01,5.00E-03,,2.90E-01,0.4505,0
521,3.10E-01,4.51E-01,5.00E-03,,3.10E-01,0.4505,0
523,3.70E-01,4.51E-01,5.00E-03,,3.70E-01,0.4505,0
528,5.51E-01,4.51E-01,5.00E-03,,5.51E-01,0.4505,0
530,2.00E-02,4.71E-01,5.00E-03,,2.00E-02,0.4705,0
533,1.00E-01,4.71E-01,5.00E-03,,1.00E-01,0.4705,0
534,1.20E-01,4.71E-01,5.00E-03,,1.20E-01,0.4705,0
539,2.60E-01,4.71E-01,5.00E-03,,2.60E-01,0.4705,0
540,2.80E-01,4.71E-01,5.00E-03,,2.80E-01,0.4705,0
543,3.40E-01,4.71E-01,5.00E-03,,3.40E-01,0.4705,0
544,3.60E-01,4.71E-01,5.00E-03,,3.60E-01,0.4705,0
547,4.40E-01,4.71E-01,5.00E-03,,4.40E-01,0.4705,0
549,4.81E-01,4.71E-01,5.00E-03,,4.81E-01,0.4705,0
552,5.61E-01,4.71E-01,5.00E-03,,5.61E-01,0.4705,0
553,5.81E-01,4.71E-01,5.00E-03,,5.81E-01,0.4705,0
557,7.01E-02,4.91E-01,5.00E-03,,7.01E-02,0.4905,0
558,9.01E-02,4.91E-01,5.00E-03,,9.01E-02,0.4905,0
560,1.30E-01,4.91E-01,5.00E-03,,1.30E-01,0.4905,0
563,1.90E-01,4.91E-01,5.00E-03,,1.90E-01,0.4905,0
568,2.90E-01,4.91E-01,5.00E-03,,2.90E-01,0.4905,0
571,3.70E-01,4.91E-01,5.00E-03,,3.70E-01,0.4905,0
572,3.90E-01,4.91E-01,5.00E-03,,3.90E-01,0.4905,0
573,4.30E-01,4.91E-01,5.00E-03,,4.30E-01,0.4905,0
574,4.51E-01,4.91E-01,5.00E-03,,4.51E-01,0.4905,0
575,4.71E-01,4.91E-01,5.00E-03,,4.71E-01,0.4905,0
576,5.11E-01,4.91E-01,5.00E-03,,5.11E-01,0.4905,0
577,5.31E-01,4.91E-01,5.00E-03,,5.31E-01,0.4905,0
578,5.51E-01,4.91E-01,5.00E-03,,5.51E-01,0.4905,0
581,4.00E-02,5.11E-01,5.00E-03,,4.00E-02,0.5105,0
585,1.40E-01,5.11E-01,5.00E-03,,1.40E-01,0.5105,0
586,1.60E-01,5.11E-01,5.00E-03,,1.60E-01,0.5105,0
587,2.00E-01,5.11E-01,5.00E-03,,2.00E-01,0.5105,0
591,3.20E-01,5.11E-01,5.00E-03,,3.20E-01,0.5105,0
592,3.60E-01,5.11E-01,5.00E-03,,3.60E-01,0.5105,0
593,3.80E-01,5.11E-01,5.00E-03,,3.80E-01,0.5105,0
594,4.00E-01,5.11E-01,5.00E-03,,4.00E-01,0.5105,0
595,4.20E-01,5.11E-01,5.00E-03,,4.20E-01,0.5105,0
597,4.61E-01,5.11E-01,5.00E-03,,4.61E-01,0.5105,0
598,4.81E-01,5.11E-01,5.00E-03,,4.81E-01,0.5105,0
600,5.21E-01,5.11E-01,5.00E-03,,5.21E-01,0.5105,0
601,5.41E-01,5.11E-01,5.00E-03,,5.41E-01,0.5105,0
602,5.61E-01,5.11E-01,5.00E-03,,5.61E-01,0.5105,0
603,1.00E-02,5.31E-01,5.00E-03,,1.00E-02,0.5305,0
605,5.01E-02,5.31E-01,5.00E-03,,5.01E-02,0.5305,0
607,9.01E-02,5.31E-01,5.00E-03,,9.01E-02,0.5305,0
608,1.10E-01,5.31E-01,5.00E-03,,1.10E-01,0.5305,0
609,1.50E-01,5.31E-01,5.00E-03,,1.50E-01,0.5305,0
610,1.90E-01,5.31E-01,5.00E-03,,1.90E-01,0.5305,0
611,2.30E-01,5.31E-01,5.00E-03,,2.30E-01,0.5305,0
612,2.50E-01,5.31E-01,5.00E-03,,2.50E-01,0.5305,0
613,2.70E-01,5.31E-01,5.00E-03,,2.70E-01,0.5305,0
614,2.90E-01,5.31E-01,5.00E-03,,2.90E-01,0.5305,0
622,5.71E-01,5.31E-01,5.00E-03,,5.71E-01,0.5305,0
624,2.00E-02,5.51E-01,5.00E-03,,2.00E-02,0.5505,0
626,6.01E-02,5.51E-01,5.00E-03,,6.01E-02,0.5505,0
628,1.00E-01,5.51E-01,5.00E-03,,1.00E-01,0.5505,0
629,1.20E-01,5.51E-01,5.00E-03,,1.20E-01,0.5505,0
631,1.60E-01,5.51E-01,5.00E-03,,1.60E-01,0.5505,0
632,1.80E-01,5.51E-01,5.00E-03,,1.80E-01,0.5505,0
633,2.00E-01,5.51E-01,5.00E-03,,2.00E-01,0.5505,0
634,2.20E-01,5.51E-01,5.00E-03,,2.20E-01,0.5505,0
635,2.60E-01,5.51E-01,5.00E-03,,2.60E-01,0.5505,0
636,3.20E-01,5.51E-01,5.00E-03,,3.20E-01,0.5505,0
637,3.80E-01,5.51E-01,5.00E-03,,3.80E-01,0.5505,0
638,4.00E-01,5.51E-01,5.00E-03,,4.00E-01,0.5505,0
639,4.20E-01,5.51E-01,5.00E-03,,4.20E-01,0.5505,0
640,4.61E-01,5.51E-01,5.00E-03,,4.61E-01,0.5505,0
642,5.01E-01,5.51E-01,5.00E-03,,5.01E-01,0.5505,0
644,5.41E-01,5.51E-01,5.00E-03,,5.41E-01,0.5505,0
645,5.61E-01,5.51E-01,5.00E-03,,5.61E-01,0.5505,0
647,1.00E-02,5.71E-01,5.00E-03,,1.00E-02,0.5706,0
657,2.50E-01,5.71E-01,5.00E-03,,2.50E-01,0.5706,0
658,2.90E-01,5.71E-01,5.00E-03,,2.90E-01,0.5706,0
660,3.30E-01,5.71E-01,5.00E-03,,3.30E-01,0.5706,0
661,3.50E-01,5.71E-01,5.00E-03,,3.50E-01,0.5706,0
662,3.70E-01,5.71E-01,5.00E-03,,3.70E-01,0.5706,0
663,3.90E-01,5.71E-01,5.00E-03,,3.90E-01,0.5706,0
665,4.51E-01,5.71E-01,5.00E-03,,4.51E-01,0.5706,0
666,4.71E-01,5.71E-01,5.00E-03,,4.71E-01,0.5706,0
667,5.11E-01,5.71E-01,5.00E-03,,5.11E-01,0.5706,0
668,5.31E-01,5.71E-01,5.00E-03,,5.31E-01,0.5706,0
671,2.00E-02,5.91E-01,5.00E-03,,2.00E-02,0.5906,0
672,8.01E-02,5.91E-01,5.00E-03,,8.01E-02,0.5906,0
674,1.20E-01,5.91E-01,5.00E-03,,1.20E-01,0.5906,0
677,1.80E-01,5.91E-01,5.00E-03,,1.80E-01,0.5906,0
678,2.20E-01,5.91E-01,5.00E-03,,2.20E-01,0.5906,0
679,2.60E-01,5.91E-01,5.00E-03,,2.60E-01,0.5906,0
683,3.80E-01,5.91E-01,5.00E-03,,3.80E-01,0.5906,0
686,4.61E-01,5.91E-01,5.00E-03,,4.61E-01,0.5906,0
689,5.41E-01,5.91E-01,5.00E-03,,5.41E-01,0.5906,0
690,5.61E-01,5.91E-01,5.00E-03,,5.61E-01,0.5906,0
